Mapping,Metric Value
"{'Cu3Au': 1, 'Cr3Si': 2, 'PuNi3': 3, 'Fe3C': 4, 'Mg3Cd': 5, 'TiAl3': 6}",1.6982790360622375
"{'Cu3Au': 1, 'Cr3Si': 2, 'PuNi3': 3, 'Fe3C': 4, 'Mg3Cd': 6, 'TiAl3': 5}",1.6160729927647997
"{'Cu3Au': 1, 'Cr3Si': 2, 'PuNi3': 3, 'Fe3C': 5, 'Mg3Cd': 4, 'TiAl3': 6}",1.7614863784593595
"{'Cu3Au': 1, 'Cr3Si': 2, 'PuNi3': 3, 'Fe3C': 5, 'Mg3Cd': 6, 'TiAl3': 4}",1.6021928691948621
"{'Cu3Au': 1, 'Cr3Si': 2, 'PuNi3': 3, 'Fe3C': 6, 'Mg3Cd': 4, 'TiAl3': 5}",1.754289497683961
"{'Cu3Au': 1, 'Cr3Si': 2, 'PuNi3': 3, 'Fe3C': 6, 'Mg3Cd': 5, 'TiAl3': 4}",1.674826728256589
"{'Cu3Au': 1, 'Cr3Si': 2, 'PuNi3': 4, 'Fe3C': 3, 'Mg3Cd': 5, 'TiAl3': 6}",1.7770458342837094
"{'Cu3Au': 1, 'Cr3Si': 2, 'PuNi3': 4, 'Fe3C': 3, 'Mg3Cd': 6, 'TiAl3': 5}",1.697659812657426
"{'Cu3Au': 1, 'Cr3Si': 2, 'PuNi3': 4, 'Fe3C': 5, 'Mg3Cd': 3, 'TiAl3': 6}",1.863393313553753
"{'Cu3Au': 1, 'Cr3Si': 2, 'PuNi3': 4, 'Fe3C': 5, 'Mg3Cd': 6, 'TiAl3': 3}",1.6261428881264774
"{'Cu3Au': 1, 'Cr3Si': 2, 'PuNi3': 4, 'Fe3C': 6, 'Mg3Cd': 3, 'TiAl3': 5}",1.8414037478509202
"{'Cu3Au': 1, 'Cr3Si': 2, 'PuNi3': 4, 'Fe3C': 6, 'Mg3Cd': 5, 'TiAl3': 3}",1.6764921457818835
"{'Cu3Au': 1, 'Cr3Si': 2, 'PuNi3': 5, 'Fe3C': 3, 'Mg3Cd': 4, 'TiAl3': 6}",1.8781830209774204
"{'Cu3Au': 1, 'Cr3Si': 2, 'PuNi3': 5, 'Fe3C': 3, 'Mg3Cd': 6, 'TiAl3': 4}",1.7524761369284105
"{'Cu3Au': 1, 'Cr3Si': 2, 'PuNi3': 5, 'Fe3C': 4, 'Mg3Cd': 3, 'TiAl3': 6}",1.9363740588520375
"{'Cu3Au': 1, 'Cr3Si': 2, 'PuNi3': 5, 'Fe3C': 4, 'Mg3Cd': 6, 'TiAl3': 3}",1.7238474779396908
"{'Cu3Au': 1, 'Cr3Si': 2, 'PuNi3': 5, 'Fe3C': 6, 'Mg3Cd': 3, 'TiAl3': 4}",1.9261830710811756
"{'Cu3Au': 1, 'Cr3Si': 2, 'PuNi3': 5, 'Fe3C': 6, 'Mg3Cd': 4, 'TiAl3': 3}",1.826501326751447
"{'Cu3Au': 1, 'Cr3Si': 2, 'PuNi3': 6, 'Fe3C': 3, 'Mg3Cd': 4, 'TiAl3': 5}",1.8709047434947432
"{'Cu3Au': 1, 'Cr3Si': 2, 'PuNi3': 6, 'Fe3C': 3, 'Mg3Cd': 5, 'TiAl3': 4}",1.8333938869982271
"{'Cu3Au': 1, 'Cr3Si': 2, 'PuNi3': 6, 'Fe3C': 4, 'Mg3Cd': 3, 'TiAl3': 5}",1.9349378974240798
"{'Cu3Au': 1, 'Cr3Si': 2, 'PuNi3': 6, 'Fe3C': 4, 'Mg3Cd': 5, 'TiAl3': 3}",1.8307887989580933
"{'Cu3Au': 1, 'Cr3Si': 2, 'PuNi3': 6, 'Fe3C': 5, 'Mg3Cd': 3, 'TiAl3': 4}",1.9949060727527745
"{'Cu3Au': 1, 'Cr3Si': 2, 'PuNi3': 6, 'Fe3C': 5, 'Mg3Cd': 4, 'TiAl3': 3}",1.9053150517222492
"{'Cu3Au': 1, 'Cr3Si': 3, 'PuNi3': 2, 'Fe3C': 4, 'Mg3Cd': 5, 'TiAl3': 6}",1.5749328744832771
"{'Cu3Au': 1, 'Cr3Si': 3, 'PuNi3': 2, 'Fe3C': 4, 'Mg3Cd': 6, 'TiAl3': 5}",1.509818063378297
"{'Cu3Au': 1, 'Cr3Si': 3, 'PuNi3': 2, 'Fe3C': 5, 'Mg3Cd': 4, 'TiAl3': 6}",1.6333510269651177
"{'Cu3Au': 1, 'Cr3Si': 3, 'PuNi3': 2, 'Fe3C': 5, 'Mg3Cd': 6, 'TiAl3': 4}",1.5070671962104771
"{'Cu3Au': 1, 'Cr3Si': 3, 'PuNi3': 2, 'Fe3C': 6, 'Mg3Cd': 4, 'TiAl3': 5}",1.6418658100090258
"{'Cu3Au': 1, 'Cr3Si': 3, 'PuNi3': 2, 'Fe3C': 6, 'Mg3Cd': 5, 'TiAl3': 4}",1.5855156766671545
"{'Cu3Au': 1, 'Cr3Si': 3, 'PuNi3': 4, 'Fe3C': 2, 'Mg3Cd': 5, 'TiAl3': 6}",1.6862043624066325
"{'Cu3Au': 1, 'Cr3Si': 3, 'PuNi3': 4, 'Fe3C': 2, 'Mg3Cd': 6, 'TiAl3': 5}",1.6219555526352962
"{'Cu3Au': 1, 'Cr3Si': 3, 'PuNi3': 4, 'Fe3C': 5, 'Mg3Cd': 2, 'TiAl3': 6}",1.7600479504633413
"{'Cu3Au': 1, 'Cr3Si': 3, 'PuNi3': 4, 'Fe3C': 5, 'Mg3Cd': 6, 'TiAl3': 2}",1.5356400817757365
"{'Cu3Au': 1, 'Cr3Si': 3, 'PuNi3': 4, 'Fe3C': 6, 'Mg3Cd': 2, 'TiAl3': 5}",1.7703723470296957
"{'Cu3Au': 1, 'Cr3Si': 3, 'PuNi3': 4, 'Fe3C': 6, 'Mg3Cd': 5, 'TiAl3': 2}",1.6047605701574643
"{'Cu3Au': 1, 'Cr3Si': 3, 'PuNi3': 5, 'Fe3C': 2, 'Mg3Cd': 4, 'TiAl3': 6}",1.7801929734684865
"{'Cu3Au': 1, 'Cr3Si': 3, 'PuNi3': 5, 'Fe3C': 2, 'Mg3Cd': 6, 'TiAl3': 4}",1.7003724553010306
"{'Cu3Au': 1, 'Cr3Si': 3, 'PuNi3': 5, 'Fe3C': 4, 'Mg3Cd': 2, 'TiAl3': 6}",1.7944192576991875
"{'Cu3Au': 1, 'Cr3Si': 3, 'PuNi3': 5, 'Fe3C': 4, 'Mg3Cd': 6, 'TiAl3': 2}",1.646150288460607
"{'Cu3Au': 1, 'Cr3Si': 3, 'PuNi3': 5, 'Fe3C': 6, 'Mg3Cd': 2, 'TiAl3': 4}",1.8392411555416124
"{'Cu3Au': 1, 'Cr3Si': 3, 'PuNi3': 5, 'Fe3C': 6, 'Mg3Cd': 4, 'TiAl3': 2}",1.7577359622829278
"{'Cu3Au': 1, 'Cr3Si': 3, 'PuNi3': 6, 'Fe3C': 2, 'Mg3Cd': 4, 'TiAl3': 5}",1.796194573861196
"{'Cu3Au': 1, 'Cr3Si': 3, 'PuNi3': 6, 'Fe3C': 2, 'Mg3Cd': 5, 'TiAl3': 4}",1.7819327942327268
"{'Cu3Au': 1, 'Cr3Si': 3, 'PuNi3': 6, 'Fe3C': 4, 'Mg3Cd': 2, 'TiAl3': 5}",1.816470415535268
"{'Cu3Au': 1, 'Cr3Si': 3, 'PuNi3': 6, 'Fe3C': 4, 'Mg3Cd': 5, 'TiAl3': 2}",1.7581471432576035
"{'Cu3Au': 1, 'Cr3Si': 3, 'PuNi3': 6, 'Fe3C': 5, 'Mg3Cd': 2, 'TiAl3': 4}",1.8328172600187211
"{'Cu3Au': 1, 'Cr3Si': 3, 'PuNi3': 6, 'Fe3C': 5, 'Mg3Cd': 4, 'TiAl3': 2}",1.7910742819014926
"{'Cu3Au': 1, 'Cr3Si': 4, 'PuNi3': 2, 'Fe3C': 3, 'Mg3Cd': 5, 'TiAl3': 6}",1.5191293389538294
"{'Cu3Au': 1, 'Cr3Si': 4, 'PuNi3': 2, 'Fe3C': 3, 'Mg3Cd': 6, 'TiAl3': 5}",1.491977653488508
"{'Cu3Au': 1, 'Cr3Si': 4, 'PuNi3': 2, 'Fe3C': 5, 'Mg3Cd': 3, 'TiAl3': 6}",1.5216364211764164
"{'Cu3Au': 1, 'Cr3Si': 4, 'PuNi3': 2, 'Fe3C': 5, 'Mg3Cd': 6, 'TiAl3': 3}",1.4077516809422255
"{'Cu3Au': 1, 'Cr3Si': 4, 'PuNi3': 2, 'Fe3C': 6, 'Mg3Cd': 3, 'TiAl3': 5}",1.543525639988064
"{'Cu3Au': 1, 'Cr3Si': 4, 'PuNi3': 2, 'Fe3C': 6, 'Mg3Cd': 5, 'TiAl3': 3}",1.437157823601145
"{'Cu3Au': 1, 'Cr3Si': 4, 'PuNi3': 3, 'Fe3C': 2, 'Mg3Cd': 5, 'TiAl3': 6}",1.5434321599485048
"{'Cu3Au': 1, 'Cr3Si': 4, 'PuNi3': 3, 'Fe3C': 2, 'Mg3Cd': 6, 'TiAl3': 5}",1.5203739280579553
"{'Cu3Au': 1, 'Cr3Si': 4, 'PuNi3': 3, 'Fe3C': 5, 'Mg3Cd': 2, 'TiAl3': 6}",1.5692571326148002
"{'Cu3Au': 1, 'Cr3Si': 4, 'PuNi3': 3, 'Fe3C': 5, 'Mg3Cd': 6, 'TiAl3': 2}",1.3459267242483426
"{'Cu3Au': 1, 'Cr3Si': 4, 'PuNi3': 3, 'Fe3C': 6, 'Mg3Cd': 2, 'TiAl3': 5}",1.6009819850482399
"{'Cu3Au': 1, 'Cr3Si': 4, 'PuNi3': 3, 'Fe3C': 6, 'Mg3Cd': 5, 'TiAl3': 2}",1.37266316759449
"{'Cu3Au': 1, 'Cr3Si': 4, 'PuNi3': 5, 'Fe3C': 2, 'Mg3Cd': 3, 'TiAl3': 6}",1.6605790322005103
"{'Cu3Au': 1, 'Cr3Si': 4, 'PuNi3': 5, 'Fe3C': 2, 'Mg3Cd': 6, 'TiAl3': 3}",1.5909279696030407
"{'Cu3Au': 1, 'Cr3Si': 4, 'PuNi3': 5, 'Fe3C': 3, 'Mg3Cd': 2, 'TiAl3': 6}",1.6789799779197319
"{'Cu3Au': 1, 'Cr3Si': 4, 'PuNi3': 5, 'Fe3C': 3, 'Mg3Cd': 6, 'TiAl3': 2}",1.5622854034724285
"{'Cu3Au': 1, 'Cr3Si': 4, 'PuNi3': 5, 'Fe3C': 6, 'Mg3Cd': 2, 'TiAl3': 3}",1.71543434444997
"{'Cu3Au': 1, 'Cr3Si': 4, 'PuNi3': 5, 'Fe3C': 6, 'Mg3Cd': 3, 'TiAl3': 2}",1.6621419599433194
"{'Cu3Au': 1, 'Cr3Si': 4, 'PuNi3': 6, 'Fe3C': 2, 'Mg3Cd': 3, 'TiAl3': 5}",1.7064352226572521
"{'Cu3Au': 1, 'Cr3Si': 4, 'PuNi3': 6, 'Fe3C': 2, 'Mg3Cd': 5, 'TiAl3': 3}",1.6870868134905332
"{'Cu3Au': 1, 'Cr3Si': 4, 'PuNi3': 6, 'Fe3C': 3, 'Mg3Cd': 2, 'TiAl3': 5}",1.7218996371514776
"{'Cu3Au': 1, 'Cr3Si': 4, 'PuNi3': 6, 'Fe3C': 3, 'Mg3Cd': 5, 'TiAl3': 2}",1.672089652087557
"{'Cu3Au': 1, 'Cr3Si': 4, 'PuNi3': 6, 'Fe3C': 5, 'Mg3Cd': 2, 'TiAl3': 3}",1.724402523256953
"{'Cu3Au': 1, 'Cr3Si': 4, 'PuNi3': 6, 'Fe3C': 5, 'Mg3Cd': 3, 'TiAl3': 2}",1.6954455989988264
"{'Cu3Au': 1, 'Cr3Si': 5, 'PuNi3': 2, 'Fe3C': 3, 'Mg3Cd': 4, 'TiAl3': 6}",1.4849983013261412
"{'Cu3Au': 1, 'Cr3Si': 5, 'PuNi3': 2, 'Fe3C': 3, 'Mg3Cd': 6, 'TiAl3': 4}",1.4830450170129297
"{'Cu3Au': 1, 'Cr3Si': 5, 'PuNi3': 2, 'Fe3C': 4, 'Mg3Cd': 3, 'TiAl3': 6}",1.414621762569708
"{'Cu3Au': 1, 'Cr3Si': 5, 'PuNi3': 2, 'Fe3C': 4, 'Mg3Cd': 6, 'TiAl3': 3}",1.3939249736735668
"{'Cu3Au': 1, 'Cr3Si': 5, 'PuNi3': 2, 'Fe3C': 6, 'Mg3Cd': 3, 'TiAl3': 4}",1.4120645537745657
"{'Cu3Au': 1, 'Cr3Si': 5, 'PuNi3': 2, 'Fe3C': 6, 'Mg3Cd': 4, 'TiAl3': 3}",1.3362316908360437
"{'Cu3Au': 1, 'Cr3Si': 5, 'PuNi3': 3, 'Fe3C': 2, 'Mg3Cd': 4, 'TiAl3': 6}",1.4987765850137589
"{'Cu3Au': 1, 'Cr3Si': 5, 'PuNi3': 3, 'Fe3C': 2, 'Mg3Cd': 6, 'TiAl3': 4}",1.505633805734523
"{'Cu3Au': 1, 'Cr3Si': 5, 'PuNi3': 3, 'Fe3C': 4, 'Mg3Cd': 2, 'TiAl3': 6}",1.426437140806111
"{'Cu3Au': 1, 'Cr3Si': 5, 'PuNi3': 3, 'Fe3C': 4, 'Mg3Cd': 6, 'TiAl3': 2}",1.360856853544682
"{'Cu3Au': 1, 'Cr3Si': 5, 'PuNi3': 3, 'Fe3C': 6, 'Mg3Cd': 2, 'TiAl3': 4}",1.4692231185823788
"{'Cu3Au': 1, 'Cr3Si': 5, 'PuNi3': 3, 'Fe3C': 6, 'Mg3Cd': 4, 'TiAl3': 2}",1.3308143171671167
"{'Cu3Au': 1, 'Cr3Si': 5, 'PuNi3': 4, 'Fe3C': 2, 'Mg3Cd': 3, 'TiAl3': 6}",1.4980897760019682
"{'Cu3Au': 1, 'Cr3Si': 5, 'PuNi3': 4, 'Fe3C': 2, 'Mg3Cd': 6, 'TiAl3': 3}",1.4863995865285538
"{'Cu3Au': 1, 'Cr3Si': 5, 'PuNi3': 4, 'Fe3C': 3, 'Mg3Cd': 2, 'TiAl3': 6}",1.488819052258261
"{'Cu3Au': 1, 'Cr3Si': 5, 'PuNi3': 4, 'Fe3C': 3, 'Mg3Cd': 6, 'TiAl3': 2}",1.4450939882120908
"{'Cu3Au': 1, 'Cr3Si': 5, 'PuNi3': 4, 'Fe3C': 6, 'Mg3Cd': 2, 'TiAl3': 3}",1.565860147044666
"{'Cu3Au': 1, 'Cr3Si': 5, 'PuNi3': 4, 'Fe3C': 6, 'Mg3Cd': 3, 'TiAl3': 2}",1.5202931034519844
"{'Cu3Au': 1, 'Cr3Si': 5, 'PuNi3': 6, 'Fe3C': 2, 'Mg3Cd': 3, 'TiAl3': 4}",1.6338496626506882
"{'Cu3Au': 1, 'Cr3Si': 5, 'PuNi3': 6, 'Fe3C': 2, 'Mg3Cd': 4, 'TiAl3': 3}",1.6262878913607197
"{'Cu3Au': 1, 'Cr3Si': 5, 'PuNi3': 6, 'Fe3C': 3, 'Mg3Cd': 2, 'TiAl3': 4}",1.6429985146363428
"{'Cu3Au': 1, 'Cr3Si': 5, 'PuNi3': 6, 'Fe3C': 3, 'Mg3Cd': 4, 'TiAl3': 2}",1.6260391830929315
"{'Cu3Au': 1, 'Cr3Si': 5, 'PuNi3': 6, 'Fe3C': 4, 'Mg3Cd': 2, 'TiAl3': 3}",1.6519408953407715
"{'Cu3Au': 1, 'Cr3Si': 5, 'PuNi3': 6, 'Fe3C': 4, 'Mg3Cd': 3, 'TiAl3': 2}",1.639607507764578
"{'Cu3Au': 1, 'Cr3Si': 6, 'PuNi3': 2, 'Fe3C': 3, 'Mg3Cd': 4, 'TiAl3': 5}",1.4560556366053774
"{'Cu3Au': 1, 'Cr3Si': 6, 'PuNi3': 2, 'Fe3C': 3, 'Mg3Cd': 5, 'TiAl3': 4}",1.4644049947310327
"{'Cu3Au': 1, 'Cr3Si': 6, 'PuNi3': 2, 'Fe3C': 4, 'Mg3Cd': 3, 'TiAl3': 5}",1.3780060647514552
"{'Cu3Au': 1, 'Cr3Si': 6, 'PuNi3': 2, 'Fe3C': 4, 'Mg3Cd': 5, 'TiAl3': 3}",1.3752749972164469
"{'Cu3Au': 1, 'Cr3Si': 6, 'PuNi3': 2, 'Fe3C': 5, 'Mg3Cd': 3, 'TiAl3': 4}",1.3222391269368188
"{'Cu3Au': 1, 'Cr3Si': 6, 'PuNi3': 2, 'Fe3C': 5, 'Mg3Cd': 4, 'TiAl3': 3}",1.28249730053468
"{'Cu3Au': 1, 'Cr3Si': 6, 'PuNi3': 3, 'Fe3C': 2, 'Mg3Cd': 4, 'TiAl3': 5}",1.4862199987563285
"{'Cu3Au': 1, 'Cr3Si': 6, 'PuNi3': 3, 'Fe3C': 2, 'Mg3Cd': 5, 'TiAl3': 4}",1.500084009900149
"{'Cu3Au': 1, 'Cr3Si': 6, 'PuNi3': 3, 'Fe3C': 4, 'Mg3Cd': 2, 'TiAl3': 5}",1.390008714523311
"{'Cu3Au': 1, 'Cr3Si': 6, 'PuNi3': 3, 'Fe3C': 4, 'Mg3Cd': 5, 'TiAl3': 2}",1.3851593606963641
"{'Cu3Au': 1, 'Cr3Si': 6, 'PuNi3': 3, 'Fe3C': 5, 'Mg3Cd': 2, 'TiAl3': 4}",1.391297212308502
"{'Cu3Au': 1, 'Cr3Si': 6, 'PuNi3': 3, 'Fe3C': 5, 'Mg3Cd': 4, 'TiAl3': 2}",1.3323102500909698
"{'Cu3Au': 1, 'Cr3Si': 6, 'PuNi3': 4, 'Fe3C': 2, 'Mg3Cd': 3, 'TiAl3': 5}",1.4909286230321068
"{'Cu3Au': 1, 'Cr3Si': 6, 'PuNi3': 4, 'Fe3C': 2, 'Mg3Cd': 5, 'TiAl3': 3}",1.5064884956887434
"{'Cu3Au': 1, 'Cr3Si': 6, 'PuNi3': 4, 'Fe3C': 3, 'Mg3Cd': 2, 'TiAl3': 5}",1.4649824629897583
"{'Cu3Au': 1, 'Cr3Si': 6, 'PuNi3': 4, 'Fe3C': 3, 'Mg3Cd': 5, 'TiAl3': 2}",1.4770780830109898
"{'Cu3Au': 1, 'Cr3Si': 6, 'PuNi3': 4, 'Fe3C': 5, 'Mg3Cd': 2, 'TiAl3': 3}",1.485144937151798
"{'Cu3Au': 1, 'Cr3Si': 6, 'PuNi3': 4, 'Fe3C': 5, 'Mg3Cd': 3, 'TiAl3': 2}",1.4571003734910528
"{'Cu3Au': 1, 'Cr3Si': 6, 'PuNi3': 5, 'Fe3C': 2, 'Mg3Cd': 3, 'TiAl3': 4}",1.5369266621896078
"{'Cu3Au': 1, 'Cr3Si': 6, 'PuNi3': 5, 'Fe3C': 2, 'Mg3Cd': 4, 'TiAl3': 3}",1.5382143878512906
"{'Cu3Au': 1, 'Cr3Si': 6, 'PuNi3': 5, 'Fe3C': 3, 'Mg3Cd': 2, 'TiAl3': 4}",1.5329439217984506
"{'Cu3Au': 1, 'Cr3Si': 6, 'PuNi3': 5, 'Fe3C': 3, 'Mg3Cd': 4, 'TiAl3': 2}",1.5308901171699258
"{'Cu3Au': 1, 'Cr3Si': 6, 'PuNi3': 5, 'Fe3C': 4, 'Mg3Cd': 2, 'TiAl3': 3}",1.5418439474344399
"{'Cu3Au': 1, 'Cr3Si': 6, 'PuNi3': 5, 'Fe3C': 4, 'Mg3Cd': 3, 'TiAl3': 2}",1.524575328509108
"{'Cu3Au': 2, 'Cr3Si': 1, 'PuNi3': 3, 'Fe3C': 4, 'Mg3Cd': 5, 'TiAl3': 6}",1.7558629681266598
"{'Cu3Au': 2, 'Cr3Si': 1, 'PuNi3': 3, 'Fe3C': 4, 'Mg3Cd': 6, 'TiAl3': 5}",1.6813233682648001
"{'Cu3Au': 2, 'Cr3Si': 1, 'PuNi3': 3, 'Fe3C': 5, 'Mg3Cd': 4, 'TiAl3': 6}",1.8254530315412938
"{'Cu3Au': 2, 'Cr3Si': 1, 'PuNi3': 3, 'Fe3C': 5, 'Mg3Cd': 6, 'TiAl3': 4}",1.6862807223498377
"{'Cu3Au': 2, 'Cr3Si': 1, 'PuNi3': 3, 'Fe3C': 6, 'Mg3Cd': 4, 'TiAl3': 5}",1.812689558785891
"{'Cu3Au': 2, 'Cr3Si': 1, 'PuNi3': 3, 'Fe3C': 6, 'Mg3Cd': 5, 'TiAl3': 4}",1.7508044585630906
"{'Cu3Au': 2, 'Cr3Si': 1, 'PuNi3': 4, 'Fe3C': 3, 'Mg3Cd': 5, 'TiAl3': 6}",1.746984040081812
"{'Cu3Au': 2, 'Cr3Si': 1, 'PuNi3': 4, 'Fe3C': 3, 'Mg3Cd': 6, 'TiAl3': 5}",1.6890622546058878
"{'Cu3Au': 2, 'Cr3Si': 1, 'PuNi3': 4, 'Fe3C': 5, 'Mg3Cd': 3, 'TiAl3': 6}",1.8434529142316898
"{'Cu3Au': 2, 'Cr3Si': 1, 'PuNi3': 4, 'Fe3C': 5, 'Mg3Cd': 6, 'TiAl3': 3}",1.6513871324181186
"{'Cu3Au': 2, 'Cr3Si': 1, 'PuNi3': 4, 'Fe3C': 6, 'Mg3Cd': 3, 'TiAl3': 5}",1.8459111040805236
"{'Cu3Au': 2, 'Cr3Si': 1, 'PuNi3': 4, 'Fe3C': 6, 'Mg3Cd': 5, 'TiAl3': 3}",1.7269944832717883
"{'Cu3Au': 2, 'Cr3Si': 1, 'PuNi3': 5, 'Fe3C': 3, 'Mg3Cd': 4, 'TiAl3': 6}",1.7700347817084208
"{'Cu3Au': 2, 'Cr3Si': 1, 'PuNi3': 5, 'Fe3C': 3, 'Mg3Cd': 6, 'TiAl3': 4}",1.677179095328621
"{'Cu3Au': 2, 'Cr3Si': 1, 'PuNi3': 5, 'Fe3C': 4, 'Mg3Cd': 3, 'TiAl3': 6}",1.7728813288608498
"{'Cu3Au': 2, 'Cr3Si': 1, 'PuNi3': 5, 'Fe3C': 4, 'Mg3Cd': 6, 'TiAl3': 3}",1.6520586495347664
"{'Cu3Au': 2, 'Cr3Si': 1, 'PuNi3': 5, 'Fe3C': 6, 'Mg3Cd': 3, 'TiAl3': 4}",1.7850748365047993
"{'Cu3Au': 2, 'Cr3Si': 1, 'PuNi3': 5, 'Fe3C': 6, 'Mg3Cd': 4, 'TiAl3': 3}",1.7249348853977098
"{'Cu3Au': 2, 'Cr3Si': 1, 'PuNi3': 6, 'Fe3C': 3, 'Mg3Cd': 4, 'TiAl3': 5}",1.7238890666934057
"{'Cu3Au': 2, 'Cr3Si': 1, 'PuNi3': 6, 'Fe3C': 3, 'Mg3Cd': 5, 'TiAl3': 4}",1.7022728766607618
"{'Cu3Au': 2, 'Cr3Si': 1, 'PuNi3': 6, 'Fe3C': 4, 'Mg3Cd': 3, 'TiAl3': 5}",1.6702315237984098
"{'Cu3Au': 2, 'Cr3Si': 1, 'PuNi3': 6, 'Fe3C': 4, 'Mg3Cd': 5, 'TiAl3': 3}",1.6691679458971005
"{'Cu3Au': 2, 'Cr3Si': 1, 'PuNi3': 6, 'Fe3C': 5, 'Mg3Cd': 3, 'TiAl3': 4}",1.6256824889180057
"{'Cu3Au': 2, 'Cr3Si': 1, 'PuNi3': 6, 'Fe3C': 5, 'Mg3Cd': 4, 'TiAl3': 3}",1.6715089453437797
"{'Cu3Au': 2, 'Cr3Si': 3, 'PuNi3': 1, 'Fe3C': 4, 'Mg3Cd': 5, 'TiAl3': 6}",1.634835978484804
"{'Cu3Au': 2, 'Cr3Si': 3, 'PuNi3': 1, 'Fe3C': 4, 'Mg3Cd': 6, 'TiAl3': 5}",1.583950923056467
"{'Cu3Au': 2, 'Cr3Si': 3, 'PuNi3': 1, 'Fe3C': 5, 'Mg3Cd': 4, 'TiAl3': 6}",1.7079098212068147
"{'Cu3Au': 2, 'Cr3Si': 3, 'PuNi3': 1, 'Fe3C': 5, 'Mg3Cd': 6, 'TiAl3': 4}",1.5992687491843662
"{'Cu3Au': 2, 'Cr3Si': 3, 'PuNi3': 1, 'Fe3C': 6, 'Mg3Cd': 4, 'TiAl3': 5}",1.71304212637552
"{'Cu3Au': 2, 'Cr3Si': 3, 'PuNi3': 1, 'Fe3C': 6, 'Mg3Cd': 5, 'TiAl3': 4}",1.6637782504323289
"{'Cu3Au': 2, 'Cr3Si': 3, 'PuNi3': 4, 'Fe3C': 1, 'Mg3Cd': 5, 'TiAl3': 6}",1.6830083603517763
"{'Cu3Au': 2, 'Cr3Si': 3, 'PuNi3': 4, 'Fe3C': 1, 'Mg3Cd': 6, 'TiAl3': 5}",1.5904529713455802
"{'Cu3Au': 2, 'Cr3Si': 3, 'PuNi3': 4, 'Fe3C': 5, 'Mg3Cd': 1, 'TiAl3': 6}",1.7289695222362542
"{'Cu3Au': 2, 'Cr3Si': 3, 'PuNi3': 4, 'Fe3C': 5, 'Mg3Cd': 6, 'TiAl3': 1}",1.512910195530959
"{'Cu3Au': 2, 'Cr3Si': 3, 'PuNi3': 4, 'Fe3C': 6, 'Mg3Cd': 1, 'TiAl3': 5}",1.7634888244296263
"{'Cu3Au': 2, 'Cr3Si': 3, 'PuNi3': 4, 'Fe3C': 6, 'Mg3Cd': 5, 'TiAl3': 1}",1.6250295358380134
"{'Cu3Au': 2, 'Cr3Si': 3, 'PuNi3': 5, 'Fe3C': 1, 'Mg3Cd': 4, 'TiAl3': 6}",1.7887328010039496
"{'Cu3Au': 2, 'Cr3Si': 3, 'PuNi3': 5, 'Fe3C': 1, 'Mg3Cd': 6, 'TiAl3': 4}",1.7323880262520963
"{'Cu3Au': 2, 'Cr3Si': 3, 'PuNi3': 5, 'Fe3C': 4, 'Mg3Cd': 1, 'TiAl3': 6}",1.7231443317228776
"{'Cu3Au': 2, 'Cr3Si': 3, 'PuNi3': 5, 'Fe3C': 4, 'Mg3Cd': 6, 'TiAl3': 1}",1.6133352899167026
"{'Cu3Au': 2, 'Cr3Si': 3, 'PuNi3': 5, 'Fe3C': 6, 'Mg3Cd': 1, 'TiAl3': 4}",1.7844785107105676
"{'Cu3Au': 2, 'Cr3Si': 3, 'PuNi3': 5, 'Fe3C': 6, 'Mg3Cd': 4, 'TiAl3': 1}",1.7570617940925077
"{'Cu3Au': 2, 'Cr3Si': 3, 'PuNi3': 6, 'Fe3C': 1, 'Mg3Cd': 4, 'TiAl3': 5}",1.7856044698256113
"{'Cu3Au': 2, 'Cr3Si': 3, 'PuNi3': 6, 'Fe3C': 1, 'Mg3Cd': 5, 'TiAl3': 4}",1.7873223080372396
"{'Cu3Au': 2, 'Cr3Si': 3, 'PuNi3': 6, 'Fe3C': 4, 'Mg3Cd': 1, 'TiAl3': 5}",1.7360020433044345
"{'Cu3Au': 2, 'Cr3Si': 3, 'PuNi3': 6, 'Fe3C': 4, 'Mg3Cd': 5, 'TiAl3': 1}",1.7431582317615308
"{'Cu3Au': 2, 'Cr3Si': 3, 'PuNi3': 6, 'Fe3C': 5, 'Mg3Cd': 1, 'TiAl3': 4}",1.7712969859476622
"{'Cu3Au': 2, 'Cr3Si': 3, 'PuNi3': 6, 'Fe3C': 5, 'Mg3Cd': 4, 'TiAl3': 1}",1.784375553948072
"{'Cu3Au': 2, 'Cr3Si': 4, 'PuNi3': 1, 'Fe3C': 3, 'Mg3Cd': 5, 'TiAl3': 6}",1.6398204893955737
"{'Cu3Au': 2, 'Cr3Si': 4, 'PuNi3': 1, 'Fe3C': 3, 'Mg3Cd': 6, 'TiAl3': 5}",1.6288493932585681
"{'Cu3Au': 2, 'Cr3Si': 4, 'PuNi3': 1, 'Fe3C': 5, 'Mg3Cd': 3, 'TiAl3': 6}",1.646274892571765
"{'Cu3Au': 2, 'Cr3Si': 4, 'PuNi3': 1, 'Fe3C': 5, 'Mg3Cd': 6, 'TiAl3': 3}",1.5313475162897554
"{'Cu3Au': 2, 'Cr3Si': 4, 'PuNi3': 1, 'Fe3C': 6, 'Mg3Cd': 3, 'TiAl3': 5}",1.6723462867638408
"{'Cu3Au': 2, 'Cr3Si': 4, 'PuNi3': 1, 'Fe3C': 6, 'Mg3Cd': 5, 'TiAl3': 3}",1.5941095213129457
"{'Cu3Au': 2, 'Cr3Si': 4, 'PuNi3': 3, 'Fe3C': 1, 'Mg3Cd': 5, 'TiAl3': 6}",1.6654354827142797
"{'Cu3Au': 2, 'Cr3Si': 4, 'PuNi3': 3, 'Fe3C': 1, 'Mg3Cd': 6, 'TiAl3': 5}",1.6535568337491466
"{'Cu3Au': 2, 'Cr3Si': 4, 'PuNi3': 3, 'Fe3C': 5, 'Mg3Cd': 1, 'TiAl3': 6}",1.608208363204738
"{'Cu3Au': 2, 'Cr3Si': 4, 'PuNi3': 3, 'Fe3C': 5, 'Mg3Cd': 6, 'TiAl3': 1}",1.3821134905717891
"{'Cu3Au': 2, 'Cr3Si': 4, 'PuNi3': 3, 'Fe3C': 6, 'Mg3Cd': 1, 'TiAl3': 5}",1.6474800281953768
"{'Cu3Au': 2, 'Cr3Si': 4, 'PuNi3': 3, 'Fe3C': 6, 'Mg3Cd': 5, 'TiAl3': 1}",1.4558847544500322
"{'Cu3Au': 2, 'Cr3Si': 4, 'PuNi3': 5, 'Fe3C': 1, 'Mg3Cd': 3, 'TiAl3': 6}",1.6899742028015867
"{'Cu3Au': 2, 'Cr3Si': 4, 'PuNi3': 5, 'Fe3C': 1, 'Mg3Cd': 6, 'TiAl3': 3}",1.6172997341600985
"{'Cu3Au': 2, 'Cr3Si': 4, 'PuNi3': 5, 'Fe3C': 3, 'Mg3Cd': 1, 'TiAl3': 6}",1.655011517603837
"{'Cu3Au': 2, 'Cr3Si': 4, 'PuNi3': 5, 'Fe3C': 3, 'Mg3Cd': 6, 'TiAl3': 1}",1.5760136618467346
"{'Cu3Au': 2, 'Cr3Si': 4, 'PuNi3': 5, 'Fe3C': 6, 'Mg3Cd': 1, 'TiAl3': 3}",1.7412531295861582
"{'Cu3Au': 2, 'Cr3Si': 4, 'PuNi3': 5, 'Fe3C': 6, 'Mg3Cd': 3, 'TiAl3': 1}",1.7469418284731042
"{'Cu3Au': 2, 'Cr3Si': 4, 'PuNi3': 6, 'Fe3C': 1, 'Mg3Cd': 3, 'TiAl3': 5}",1.761741136514974
"{'Cu3Au': 2, 'Cr3Si': 4, 'PuNi3': 6, 'Fe3C': 1, 'Mg3Cd': 5, 'TiAl3': 3}",1.76254251337142
"{'Cu3Au': 2, 'Cr3Si': 4, 'PuNi3': 6, 'Fe3C': 3, 'Mg3Cd': 1, 'TiAl3': 5}",1.7104131855648608
"{'Cu3Au': 2, 'Cr3Si': 4, 'PuNi3': 6, 'Fe3C': 3, 'Mg3Cd': 5, 'TiAl3': 1}",1.7010562646221692
"{'Cu3Au': 2, 'Cr3Si': 4, 'PuNi3': 6, 'Fe3C': 5, 'Mg3Cd': 1, 'TiAl3': 3}",1.7566358483726918
"{'Cu3Au': 2, 'Cr3Si': 4, 'PuNi3': 6, 'Fe3C': 5, 'Mg3Cd': 3, 'TiAl3': 1}",1.7644347959193771
"{'Cu3Au': 2, 'Cr3Si': 5, 'PuNi3': 1, 'Fe3C': 3, 'Mg3Cd': 4, 'TiAl3': 6}",1.6132479047816006
"{'Cu3Au': 2, 'Cr3Si': 5, 'PuNi3': 1, 'Fe3C': 3, 'Mg3Cd': 6, 'TiAl3': 4}",1.6272014670198152
"{'Cu3Au': 2, 'Cr3Si': 5, 'PuNi3': 1, 'Fe3C': 4, 'Mg3Cd': 3, 'TiAl3': 6}",1.5162724970162442
"{'Cu3Au': 2, 'Cr3Si': 5, 'PuNi3': 1, 'Fe3C': 4, 'Mg3Cd': 6, 'TiAl3': 3}",1.529352626338757
"{'Cu3Au': 2, 'Cr3Si': 5, 'PuNi3': 1, 'Fe3C': 6, 'Mg3Cd': 3, 'TiAl3': 4}",1.578481406643008
"{'Cu3Au': 2, 'Cr3Si': 5, 'PuNi3': 1, 'Fe3C': 6, 'Mg3Cd': 4, 'TiAl3': 3}",1.5342070488393618
"{'Cu3Au': 2, 'Cr3Si': 5, 'PuNi3': 3, 'Fe3C': 1, 'Mg3Cd': 4, 'TiAl3': 6}",1.653041964589181
"{'Cu3Au': 2, 'Cr3Si': 5, 'PuNi3': 3, 'Fe3C': 1, 'Mg3Cd': 6, 'TiAl3': 4}",1.6687766911619246
"{'Cu3Au': 2, 'Cr3Si': 5, 'PuNi3': 3, 'Fe3C': 4, 'Mg3Cd': 1, 'TiAl3': 6}",1.4330996977056587
"{'Cu3Au': 2, 'Cr3Si': 5, 'PuNi3': 3, 'Fe3C': 4, 'Mg3Cd': 6, 'TiAl3': 1}",1.416178236595845
"{'Cu3Au': 2, 'Cr3Si': 5, 'PuNi3': 3, 'Fe3C': 6, 'Mg3Cd': 1, 'TiAl3': 4}",1.5639958439048984
"{'Cu3Au': 2, 'Cr3Si': 5, 'PuNi3': 3, 'Fe3C': 6, 'Mg3Cd': 4, 'TiAl3': 1}",1.4726159887047479
"{'Cu3Au': 2, 'Cr3Si': 5, 'PuNi3': 4, 'Fe3C': 1, 'Mg3Cd': 3, 'TiAl3': 6}",1.560661295995921
"{'Cu3Au': 2, 'Cr3Si': 5, 'PuNi3': 4, 'Fe3C': 1, 'Mg3Cd': 6, 'TiAl3': 3}",1.6281974684176412
"{'Cu3Au': 2, 'Cr3Si': 5, 'PuNi3': 4, 'Fe3C': 3, 'Mg3Cd': 1, 'TiAl3': 6}",1.438709064236079
"{'Cu3Au': 2, 'Cr3Si': 5, 'PuNi3': 4, 'Fe3C': 3, 'Mg3Cd': 6, 'TiAl3': 1}",1.4949039406630316
"{'Cu3Au': 2, 'Cr3Si': 5, 'PuNi3': 4, 'Fe3C': 6, 'Mg3Cd': 1, 'TiAl3': 3}",1.6450391031162837
"{'Cu3Au': 2, 'Cr3Si': 5, 'PuNi3': 4, 'Fe3C': 6, 'Mg3Cd': 3, 'TiAl3': 1}",1.6194754903226225
"{'Cu3Au': 2, 'Cr3Si': 5, 'PuNi3': 6, 'Fe3C': 1, 'Mg3Cd': 3, 'TiAl3': 4}",1.6993580350930175
"{'Cu3Au': 2, 'Cr3Si': 5, 'PuNi3': 6, 'Fe3C': 1, 'Mg3Cd': 4, 'TiAl3': 3}",1.6971389977269138
"{'Cu3Au': 2, 'Cr3Si': 5, 'PuNi3': 6, 'Fe3C': 3, 'Mg3Cd': 1, 'TiAl3': 4}",1.6608225064345927
"{'Cu3Au': 2, 'Cr3Si': 5, 'PuNi3': 6, 'Fe3C': 3, 'Mg3Cd': 4, 'TiAl3': 1}",1.6733037717997319
"{'Cu3Au': 2, 'Cr3Si': 5, 'PuNi3': 6, 'Fe3C': 4, 'Mg3Cd': 1, 'TiAl3': 3}",1.6798340676401913
"{'Cu3Au': 2, 'Cr3Si': 5, 'PuNi3': 6, 'Fe3C': 4, 'Mg3Cd': 3, 'TiAl3': 1}",1.6860988494950404
"{'Cu3Au': 2, 'Cr3Si': 6, 'PuNi3': 1, 'Fe3C': 3, 'Mg3Cd': 4, 'TiAl3': 5}",1.5782133754943295
"{'Cu3Au': 2, 'Cr3Si': 6, 'PuNi3': 1, 'Fe3C': 3, 'Mg3Cd': 5, 'TiAl3': 4}",1.596631134563679
"{'Cu3Au': 2, 'Cr3Si': 6, 'PuNi3': 1, 'Fe3C': 4, 'Mg3Cd': 3, 'TiAl3': 5}",1.4751446441649754
"{'Cu3Au': 2, 'Cr3Si': 6, 'PuNi3': 1, 'Fe3C': 4, 'Mg3Cd': 5, 'TiAl3': 3}",1.5010394791343977
"{'Cu3Au': 2, 'Cr3Si': 6, 'PuNi3': 1, 'Fe3C': 5, 'Mg3Cd': 3, 'TiAl3': 4}",1.4457883543528365
"{'Cu3Au': 2, 'Cr3Si': 6, 'PuNi3': 1, 'Fe3C': 5, 'Mg3Cd': 4, 'TiAl3': 3}",1.4245796494965572
"{'Cu3Au': 2, 'Cr3Si': 6, 'PuNi3': 3, 'Fe3C': 1, 'Mg3Cd': 4, 'TiAl3': 5}",1.6307730266003537
"{'Cu3Au': 2, 'Cr3Si': 6, 'PuNi3': 3, 'Fe3C': 1, 'Mg3Cd': 5, 'TiAl3': 4}",1.6504525628305433
"{'Cu3Au': 2, 'Cr3Si': 6, 'PuNi3': 3, 'Fe3C': 4, 'Mg3Cd': 1, 'TiAl3': 5}",1.4114832872059326
"{'Cu3Au': 2, 'Cr3Si': 6, 'PuNi3': 3, 'Fe3C': 4, 'Mg3Cd': 5, 'TiAl3': 1}",1.460607264833203
"{'Cu3Au': 2, 'Cr3Si': 6, 'PuNi3': 3, 'Fe3C': 5, 'Mg3Cd': 1, 'TiAl3': 4}",1.4570127351769682
"{'Cu3Au': 2, 'Cr3Si': 6, 'PuNi3': 3, 'Fe3C': 5, 'Mg3Cd': 4, 'TiAl3': 1}",1.4311187297911616
"{'Cu3Au': 2, 'Cr3Si': 6, 'PuNi3': 4, 'Fe3C': 1, 'Mg3Cd': 3, 'TiAl3': 5}",1.5934194550455034
"{'Cu3Au': 2, 'Cr3Si': 6, 'PuNi3': 4, 'Fe3C': 1, 'Mg3Cd': 5, 'TiAl3': 3}",1.6376104759955072
"{'Cu3Au': 2, 'Cr3Si': 6, 'PuNi3': 4, 'Fe3C': 3, 'Mg3Cd': 1, 'TiAl3': 5}",1.455129629899058
"{'Cu3Au': 2, 'Cr3Si': 6, 'PuNi3': 4, 'Fe3C': 3, 'Mg3Cd': 5, 'TiAl3': 1}",1.5421763523026257
"{'Cu3Au': 2, 'Cr3Si': 6, 'PuNi3': 4, 'Fe3C': 5, 'Mg3Cd': 1, 'TiAl3': 3}",1.5407785506120748
"{'Cu3Au': 2, 'Cr3Si': 6, 'PuNi3': 4, 'Fe3C': 5, 'Mg3Cd': 3, 'TiAl3': 1}",1.5355388843968336
"{'Cu3Au': 2, 'Cr3Si': 6, 'PuNi3': 5, 'Fe3C': 1, 'Mg3Cd': 3, 'TiAl3': 4}",1.5985326795101866
"{'Cu3Au': 2, 'Cr3Si': 6, 'PuNi3': 5, 'Fe3C': 1, 'Mg3Cd': 4, 'TiAl3': 3}",1.6268461221685235
"{'Cu3Au': 2, 'Cr3Si': 6, 'PuNi3': 5, 'Fe3C': 3, 'Mg3Cd': 1, 'TiAl3': 4}",1.5270871520891782
"{'Cu3Au': 2, 'Cr3Si': 6, 'PuNi3': 5, 'Fe3C': 3, 'Mg3Cd': 4, 'TiAl3': 1}",1.5775413549743043
"{'Cu3Au': 2, 'Cr3Si': 6, 'PuNi3': 5, 'Fe3C': 4, 'Mg3Cd': 1, 'TiAl3': 3}",1.5557403022379346
"{'Cu3Au': 2, 'Cr3Si': 6, 'PuNi3': 5, 'Fe3C': 4, 'Mg3Cd': 3, 'TiAl3': 1}",1.5692225615372808
"{'Cu3Au': 3, 'Cr3Si': 1, 'PuNi3': 2, 'Fe3C': 4, 'Mg3Cd': 5, 'TiAl3': 6}",1.64172468610333
"{'Cu3Au': 3, 'Cr3Si': 1, 'PuNi3': 2, 'Fe3C': 4, 'Mg3Cd': 6, 'TiAl3': 5}",1.544277317008556
"{'Cu3Au': 3, 'Cr3Si': 1, 'PuNi3': 2, 'Fe3C': 5, 'Mg3Cd': 4, 'TiAl3': 6}",1.7626766343068616
"{'Cu3Au': 3, 'Cr3Si': 1, 'PuNi3': 2, 'Fe3C': 5, 'Mg3Cd': 6, 'TiAl3': 4}",1.6890053338071176
"{'Cu3Au': 3, 'Cr3Si': 1, 'PuNi3': 2, 'Fe3C': 6, 'Mg3Cd': 4, 'TiAl3': 5}",1.7455912719170983
"{'Cu3Au': 3, 'Cr3Si': 1, 'PuNi3': 2, 'Fe3C': 6, 'Mg3Cd': 5, 'TiAl3': 4}",1.6941052072459646
"{'Cu3Au': 3, 'Cr3Si': 1, 'PuNi3': 4, 'Fe3C': 2, 'Mg3Cd': 5, 'TiAl3': 6}",1.686476623575571
"{'Cu3Au': 3, 'Cr3Si': 1, 'PuNi3': 4, 'Fe3C': 2, 'Mg3Cd': 6, 'TiAl3': 5}",1.6337466316312825
"{'Cu3Au': 3, 'Cr3Si': 1, 'PuNi3': 4, 'Fe3C': 5, 'Mg3Cd': 2, 'TiAl3': 6}",1.7744488395752804
"{'Cu3Au': 3, 'Cr3Si': 1, 'PuNi3': 4, 'Fe3C': 5, 'Mg3Cd': 6, 'TiAl3': 2}",1.615652862177833
"{'Cu3Au': 3, 'Cr3Si': 1, 'PuNi3': 4, 'Fe3C': 6, 'Mg3Cd': 2, 'TiAl3': 5}",1.8167282508216003
"{'Cu3Au': 3, 'Cr3Si': 1, 'PuNi3': 4, 'Fe3C': 6, 'Mg3Cd': 5, 'TiAl3': 2}",1.716439686334317
"{'Cu3Au': 3, 'Cr3Si': 1, 'PuNi3': 5, 'Fe3C': 2, 'Mg3Cd': 4, 'TiAl3': 6}",1.668839243810462
"{'Cu3Au': 3, 'Cr3Si': 1, 'PuNi3': 5, 'Fe3C': 2, 'Mg3Cd': 6, 'TiAl3': 4}",1.608662385372987
"{'Cu3Au': 3, 'Cr3Si': 1, 'PuNi3': 5, 'Fe3C': 4, 'Mg3Cd': 2, 'TiAl3': 6}",1.64058724911647
"{'Cu3Au': 3, 'Cr3Si': 1, 'PuNi3': 5, 'Fe3C': 4, 'Mg3Cd': 6, 'TiAl3': 2}",1.5330137413777367
"{'Cu3Au': 3, 'Cr3Si': 1, 'PuNi3': 5, 'Fe3C': 6, 'Mg3Cd': 2, 'TiAl3': 4}",1.7790754365822479
"{'Cu3Au': 3, 'Cr3Si': 1, 'PuNi3': 5, 'Fe3C': 6, 'Mg3Cd': 4, 'TiAl3': 2}",1.7238979755752524
"{'Cu3Au': 3, 'Cr3Si': 1, 'PuNi3': 6, 'Fe3C': 2, 'Mg3Cd': 4, 'TiAl3': 5}",1.6018676697697714
"{'Cu3Au': 3, 'Cr3Si': 1, 'PuNi3': 6, 'Fe3C': 2, 'Mg3Cd': 5, 'TiAl3': 4}",1.5961372220902452
"{'Cu3Au': 3, 'Cr3Si': 1, 'PuNi3': 6, 'Fe3C': 4, 'Mg3Cd': 2, 'TiAl3': 5}",1.5331209691809264
"{'Cu3Au': 3, 'Cr3Si': 1, 'PuNi3': 6, 'Fe3C': 4, 'Mg3Cd': 5, 'TiAl3': 2}",1.5527771597774882
"{'Cu3Au': 3, 'Cr3Si': 1, 'PuNi3': 6, 'Fe3C': 5, 'Mg3Cd': 2, 'TiAl3': 4}",1.5975540238852344
"{'Cu3Au': 3, 'Cr3Si': 1, 'PuNi3': 6, 'Fe3C': 5, 'Mg3Cd': 4, 'TiAl3': 2}",1.6115431823496642
"{'Cu3Au': 3, 'Cr3Si': 2, 'PuNi3': 1, 'Fe3C': 4, 'Mg3Cd': 5, 'TiAl3': 6}",1.6121141938653356
"{'Cu3Au': 3, 'Cr3Si': 2, 'PuNi3': 1, 'Fe3C': 4, 'Mg3Cd': 6, 'TiAl3': 5}",1.5684740969751374
"{'Cu3Au': 3, 'Cr3Si': 2, 'PuNi3': 1, 'Fe3C': 5, 'Mg3Cd': 4, 'TiAl3': 6}",1.6963916300679454
"{'Cu3Au': 3, 'Cr3Si': 2, 'PuNi3': 1, 'Fe3C': 5, 'Mg3Cd': 6, 'TiAl3': 4}",1.5805970003280667
"{'Cu3Au': 3, 'Cr3Si': 2, 'PuNi3': 1, 'Fe3C': 6, 'Mg3Cd': 4, 'TiAl3': 5}",1.6938761639135749
"{'Cu3Au': 3, 'Cr3Si': 2, 'PuNi3': 1, 'Fe3C': 6, 'Mg3Cd': 5, 'TiAl3': 4}",1.6461359406330347
"{'Cu3Au': 3, 'Cr3Si': 2, 'PuNi3': 4, 'Fe3C': 1, 'Mg3Cd': 5, 'TiAl3': 6}",1.7408532734403488
"{'Cu3Au': 3, 'Cr3Si': 2, 'PuNi3': 4, 'Fe3C': 1, 'Mg3Cd': 6, 'TiAl3': 5}",1.6943947225166385
"{'Cu3Au': 3, 'Cr3Si': 2, 'PuNi3': 4, 'Fe3C': 5, 'Mg3Cd': 1, 'TiAl3': 6}",1.7675169261207484
"{'Cu3Au': 3, 'Cr3Si': 2, 'PuNi3': 4, 'Fe3C': 5, 'Mg3Cd': 6, 'TiAl3': 1}",1.588330174353042
"{'Cu3Au': 3, 'Cr3Si': 2, 'PuNi3': 4, 'Fe3C': 6, 'Mg3Cd': 1, 'TiAl3': 5}",1.7999562877730981
"{'Cu3Au': 3, 'Cr3Si': 2, 'PuNi3': 4, 'Fe3C': 6, 'Mg3Cd': 5, 'TiAl3': 1}",1.6965673133464902
"{'Cu3Au': 3, 'Cr3Si': 2, 'PuNi3': 5, 'Fe3C': 1, 'Mg3Cd': 4, 'TiAl3': 6}",1.7308804817438341
"{'Cu3Au': 3, 'Cr3Si': 2, 'PuNi3': 5, 'Fe3C': 1, 'Mg3Cd': 6, 'TiAl3': 4}",1.6840783141351328
"{'Cu3Au': 3, 'Cr3Si': 2, 'PuNi3': 5, 'Fe3C': 4, 'Mg3Cd': 1, 'TiAl3': 6}",1.6151644640205474
"{'Cu3Au': 3, 'Cr3Si': 2, 'PuNi3': 5, 'Fe3C': 4, 'Mg3Cd': 6, 'TiAl3': 1}",1.552057138387965
"{'Cu3Au': 3, 'Cr3Si': 2, 'PuNi3': 5, 'Fe3C': 6, 'Mg3Cd': 1, 'TiAl3': 4}",1.7889451195133461
"{'Cu3Au': 3, 'Cr3Si': 2, 'PuNi3': 5, 'Fe3C': 6, 'Mg3Cd': 4, 'TiAl3': 1}",1.7573319696448153
"{'Cu3Au': 3, 'Cr3Si': 2, 'PuNi3': 6, 'Fe3C': 1, 'Mg3Cd': 4, 'TiAl3': 5}",1.6806290445657943
"{'Cu3Au': 3, 'Cr3Si': 2, 'PuNi3': 6, 'Fe3C': 1, 'Mg3Cd': 5, 'TiAl3': 4}",1.6811868125882337
"{'Cu3Au': 3, 'Cr3Si': 2, 'PuNi3': 6, 'Fe3C': 4, 'Mg3Cd': 1, 'TiAl3': 5}",1.561157610459014
"{'Cu3Au': 3, 'Cr3Si': 2, 'PuNi3': 6, 'Fe3C': 4, 'Mg3Cd': 5, 'TiAl3': 1}",1.6081774923803285
"{'Cu3Au': 3, 'Cr3Si': 2, 'PuNi3': 6, 'Fe3C': 5, 'Mg3Cd': 1, 'TiAl3': 4}",1.66007287558937
"{'Cu3Au': 3, 'Cr3Si': 2, 'PuNi3': 6, 'Fe3C': 5, 'Mg3Cd': 4, 'TiAl3': 1}",1.6548123368963563
"{'Cu3Au': 3, 'Cr3Si': 4, 'PuNi3': 1, 'Fe3C': 2, 'Mg3Cd': 5, 'TiAl3': 6}",1.7785526724069858
"{'Cu3Au': 3, 'Cr3Si': 4, 'PuNi3': 1, 'Fe3C': 2, 'Mg3Cd': 6, 'TiAl3': 5}",1.757657782101496
"{'Cu3Au': 3, 'Cr3Si': 4, 'PuNi3': 1, 'Fe3C': 5, 'Mg3Cd': 2, 'TiAl3': 6}",1.6688912243217697
"{'Cu3Au': 3, 'Cr3Si': 4, 'PuNi3': 1, 'Fe3C': 5, 'Mg3Cd': 6, 'TiAl3': 2}",1.5406297628349381
"{'Cu3Au': 3, 'Cr3Si': 4, 'PuNi3': 1, 'Fe3C': 6, 'Mg3Cd': 2, 'TiAl3': 5}",1.7046427377415003
"{'Cu3Au': 3, 'Cr3Si': 4, 'PuNi3': 1, 'Fe3C': 6, 'Mg3Cd': 5, 'TiAl3': 2}",1.6443061116115127
"{'Cu3Au': 3, 'Cr3Si': 4, 'PuNi3': 2, 'Fe3C': 1, 'Mg3Cd': 5, 'TiAl3': 6}",1.8417777481766502
"{'Cu3Au': 3, 'Cr3Si': 4, 'PuNi3': 2, 'Fe3C': 1, 'Mg3Cd': 6, 'TiAl3': 5}",1.8099801459064742
"{'Cu3Au': 3, 'Cr3Si': 4, 'PuNi3': 2, 'Fe3C': 5, 'Mg3Cd': 1, 'TiAl3': 6}",1.660850331299836
"{'Cu3Au': 3, 'Cr3Si': 4, 'PuNi3': 2, 'Fe3C': 5, 'Mg3Cd': 6, 'TiAl3': 1}",1.5551311903693097
"{'Cu3Au': 3, 'Cr3Si': 4, 'PuNi3': 2, 'Fe3C': 6, 'Mg3Cd': 1, 'TiAl3': 5}",1.676561792431316
"{'Cu3Au': 3, 'Cr3Si': 4, 'PuNi3': 2, 'Fe3C': 6, 'Mg3Cd': 5, 'TiAl3': 1}",1.6536725631289764
"{'Cu3Au': 3, 'Cr3Si': 4, 'PuNi3': 5, 'Fe3C': 1, 'Mg3Cd': 2, 'TiAl3': 6}",1.5908035274906978
"{'Cu3Au': 3, 'Cr3Si': 4, 'PuNi3': 5, 'Fe3C': 1, 'Mg3Cd': 6, 'TiAl3': 2}",1.493064411929802
"{'Cu3Au': 3, 'Cr3Si': 4, 'PuNi3': 5, 'Fe3C': 2, 'Mg3Cd': 1, 'TiAl3': 6}",1.5173960112462297
"{'Cu3Au': 3, 'Cr3Si': 4, 'PuNi3': 5, 'Fe3C': 2, 'Mg3Cd': 6, 'TiAl3': 1}",1.5133269042071673
"{'Cu3Au': 3, 'Cr3Si': 4, 'PuNi3': 5, 'Fe3C': 6, 'Mg3Cd': 1, 'TiAl3': 2}",1.7909195344768964
"{'Cu3Au': 3, 'Cr3Si': 4, 'PuNi3': 5, 'Fe3C': 6, 'Mg3Cd': 2, 'TiAl3': 1}",1.8206067380595499
"{'Cu3Au': 3, 'Cr3Si': 4, 'PuNi3': 6, 'Fe3C': 1, 'Mg3Cd': 2, 'TiAl3': 5}",1.6012124353942312
"{'Cu3Au': 3, 'Cr3Si': 4, 'PuNi3': 6, 'Fe3C': 1, 'Mg3Cd': 5, 'TiAl3': 2}",1.6905196110885654
"{'Cu3Au': 3, 'Cr3Si': 4, 'PuNi3': 6, 'Fe3C': 2, 'Mg3Cd': 1, 'TiAl3': 5}",1.5523167720175848
"{'Cu3Au': 3, 'Cr3Si': 4, 'PuNi3': 6, 'Fe3C': 2, 'Mg3Cd': 5, 'TiAl3': 1}",1.7261556193643177
"{'Cu3Au': 3, 'Cr3Si': 4, 'PuNi3': 6, 'Fe3C': 5, 'Mg3Cd': 1, 'TiAl3': 2}",1.7692688255591518
"{'Cu3Au': 3, 'Cr3Si': 4, 'PuNi3': 6, 'Fe3C': 5, 'Mg3Cd': 2, 'TiAl3': 1}",1.8075122708513969
"{'Cu3Au': 3, 'Cr3Si': 5, 'PuNi3': 1, 'Fe3C': 2, 'Mg3Cd': 4, 'TiAl3': 6}",1.7349736725530194
"{'Cu3Au': 3, 'Cr3Si': 5, 'PuNi3': 1, 'Fe3C': 2, 'Mg3Cd': 6, 'TiAl3': 4}",1.7473011415510296
"{'Cu3Au': 3, 'Cr3Si': 5, 'PuNi3': 1, 'Fe3C': 4, 'Mg3Cd': 2, 'TiAl3': 6}",1.528942250096743
"{'Cu3Au': 3, 'Cr3Si': 5, 'PuNi3': 1, 'Fe3C': 4, 'Mg3Cd': 6, 'TiAl3': 2}",1.5555669093624447
"{'Cu3Au': 3, 'Cr3Si': 5, 'PuNi3': 1, 'Fe3C': 6, 'Mg3Cd': 2, 'TiAl3': 4}",1.6623693081550317
"{'Cu3Au': 3, 'Cr3Si': 5, 'PuNi3': 1, 'Fe3C': 6, 'Mg3Cd': 4, 'TiAl3': 2}",1.6371053986004918
"{'Cu3Au': 3, 'Cr3Si': 5, 'PuNi3': 2, 'Fe3C': 1, 'Mg3Cd': 4, 'TiAl3': 6}",1.8102930228528527
"{'Cu3Au': 3, 'Cr3Si': 5, 'PuNi3': 2, 'Fe3C': 1, 'Mg3Cd': 6, 'TiAl3': 4}",1.808168754593836
"{'Cu3Au': 3, 'Cr3Si': 5, 'PuNi3': 2, 'Fe3C': 4, 'Mg3Cd': 1, 'TiAl3': 6}",1.501034828076444
"{'Cu3Au': 3, 'Cr3Si': 5, 'PuNi3': 2, 'Fe3C': 4, 'Mg3Cd': 6, 'TiAl3': 1}",1.5784698046757089
"{'Cu3Au': 3, 'Cr3Si': 5, 'PuNi3': 2, 'Fe3C': 6, 'Mg3Cd': 1, 'TiAl3': 4}",1.6491735746411653
"{'Cu3Au': 3, 'Cr3Si': 5, 'PuNi3': 2, 'Fe3C': 6, 'Mg3Cd': 4, 'TiAl3': 1}",1.658157653564763
"{'Cu3Au': 3, 'Cr3Si': 5, 'PuNi3': 4, 'Fe3C': 1, 'Mg3Cd': 2, 'TiAl3': 6}",1.535491573129867
"{'Cu3Au': 3, 'Cr3Si': 5, 'PuNi3': 4, 'Fe3C': 1, 'Mg3Cd': 6, 'TiAl3': 2}",1.6674907947291593
"{'Cu3Au': 3, 'Cr3Si': 5, 'PuNi3': 4, 'Fe3C': 2, 'Mg3Cd': 1, 'TiAl3': 6}",1.3697188365165642
"{'Cu3Au': 3, 'Cr3Si': 5, 'PuNi3': 4, 'Fe3C': 2, 'Mg3Cd': 6, 'TiAl3': 1}",1.6813325487638096
"{'Cu3Au': 3, 'Cr3Si': 5, 'PuNi3': 4, 'Fe3C': 6, 'Mg3Cd': 1, 'TiAl3': 2}",1.7124426212329147
"{'Cu3Au': 3, 'Cr3Si': 5, 'PuNi3': 4, 'Fe3C': 6, 'Mg3Cd': 2, 'TiAl3': 1}",1.7227024150532133
"{'Cu3Au': 3, 'Cr3Si': 5, 'PuNi3': 6, 'Fe3C': 1, 'Mg3Cd': 2, 'TiAl3': 4}",1.5854871466842104
"{'Cu3Au': 3, 'Cr3Si': 5, 'PuNi3': 6, 'Fe3C': 1, 'Mg3Cd': 4, 'TiAl3': 2}",1.6594791507932767
"{'Cu3Au': 3, 'Cr3Si': 5, 'PuNi3': 6, 'Fe3C': 2, 'Mg3Cd': 1, 'TiAl3': 4}",1.6264274260708116
"{'Cu3Au': 3, 'Cr3Si': 5, 'PuNi3': 6, 'Fe3C': 2, 'Mg3Cd': 4, 'TiAl3': 1}",1.7388225632036813
"{'Cu3Au': 3, 'Cr3Si': 5, 'PuNi3': 6, 'Fe3C': 4, 'Mg3Cd': 1, 'TiAl3': 2}",1.7071902208341676
"{'Cu3Au': 3, 'Cr3Si': 5, 'PuNi3': 6, 'Fe3C': 4, 'Mg3Cd': 2, 'TiAl3': 1}",1.7333759822844712
"{'Cu3Au': 3, 'Cr3Si': 6, 'PuNi3': 1, 'Fe3C': 2, 'Mg3Cd': 4, 'TiAl3': 5}",1.6879537350522495
"{'Cu3Au': 3, 'Cr3Si': 6, 'PuNi3': 1, 'Fe3C': 2, 'Mg3Cd': 5, 'TiAl3': 4}",1.7045279861334863
"{'Cu3Au': 3, 'Cr3Si': 6, 'PuNi3': 1, 'Fe3C': 4, 'Mg3Cd': 2, 'TiAl3': 5}",1.4847052776678227
"{'Cu3Au': 3, 'Cr3Si': 6, 'PuNi3': 1, 'Fe3C': 4, 'Mg3Cd': 5, 'TiAl3': 2}",1.5607963601646153
"{'Cu3Au': 3, 'Cr3Si': 6, 'PuNi3': 1, 'Fe3C': 5, 'Mg3Cd': 2, 'TiAl3': 4}",1.544543325164683
"{'Cu3Au': 3, 'Cr3Si': 6, 'PuNi3': 1, 'Fe3C': 5, 'Mg3Cd': 4, 'TiAl3': 2}",1.5356410015421398
"{'Cu3Au': 3, 'Cr3Si': 6, 'PuNi3': 2, 'Fe3C': 1, 'Mg3Cd': 4, 'TiAl3': 5}",1.753914235905229
"{'Cu3Au': 3, 'Cr3Si': 6, 'PuNi3': 2, 'Fe3C': 1, 'Mg3Cd': 5, 'TiAl3': 4}",1.7690351370877992
"{'Cu3Au': 3, 'Cr3Si': 6, 'PuNi3': 2, 'Fe3C': 4, 'Mg3Cd': 1, 'TiAl3': 5}",1.4727803645189788
"{'Cu3Au': 3, 'Cr3Si': 6, 'PuNi3': 2, 'Fe3C': 4, 'Mg3Cd': 5, 'TiAl3': 1}",1.6013422932098078
"{'Cu3Au': 3, 'Cr3Si': 6, 'PuNi3': 2, 'Fe3C': 5, 'Mg3Cd': 1, 'TiAl3': 4}",1.525891773289175
"{'Cu3Au': 3, 'Cr3Si': 6, 'PuNi3': 2, 'Fe3C': 5, 'Mg3Cd': 4, 'TiAl3': 1}",1.5782417462336609
"{'Cu3Au': 3, 'Cr3Si': 6, 'PuNi3': 4, 'Fe3C': 1, 'Mg3Cd': 2, 'TiAl3': 5}",1.624602466084641
"{'Cu3Au': 3, 'Cr3Si': 6, 'PuNi3': 4, 'Fe3C': 1, 'Mg3Cd': 5, 'TiAl3': 2}",1.7183289694966721
"{'Cu3Au': 3, 'Cr3Si': 6, 'PuNi3': 4, 'Fe3C': 2, 'Mg3Cd': 1, 'TiAl3': 5}",1.5019838010484792
"{'Cu3Au': 3, 'Cr3Si': 6, 'PuNi3': 4, 'Fe3C': 2, 'Mg3Cd': 5, 'TiAl3': 1}",1.7072657358239438
"{'Cu3Au': 3, 'Cr3Si': 6, 'PuNi3': 4, 'Fe3C': 5, 'Mg3Cd': 1, 'TiAl3': 2}",1.5996473148757453
"{'Cu3Au': 3, 'Cr3Si': 6, 'PuNi3': 4, 'Fe3C': 5, 'Mg3Cd': 2, 'TiAl3': 1}",1.6203551237113074
"{'Cu3Au': 3, 'Cr3Si': 6, 'PuNi3': 5, 'Fe3C': 1, 'Mg3Cd': 2, 'TiAl3': 4}",1.5209110700816855
"{'Cu3Au': 3, 'Cr3Si': 6, 'PuNi3': 5, 'Fe3C': 1, 'Mg3Cd': 4, 'TiAl3': 2}",1.6507973437249357
"{'Cu3Au': 3, 'Cr3Si': 6, 'PuNi3': 5, 'Fe3C': 2, 'Mg3Cd': 1, 'TiAl3': 4}",1.5412313667404696
"{'Cu3Au': 3, 'Cr3Si': 6, 'PuNi3': 5, 'Fe3C': 2, 'Mg3Cd': 4, 'TiAl3': 1}",1.6943860046997796
"{'Cu3Au': 3, 'Cr3Si': 6, 'PuNi3': 5, 'Fe3C': 4, 'Mg3Cd': 1, 'TiAl3': 2}",1.5889691624096605
"{'Cu3Au': 3, 'Cr3Si': 6, 'PuNi3': 5, 'Fe3C': 4, 'Mg3Cd': 2, 'TiAl3': 1}",1.6159916450925318
"{'Cu3Au': 4, 'Cr3Si': 1, 'PuNi3': 2, 'Fe3C': 3, 'Mg3Cd': 5, 'TiAl3': 6}",1.6159916450925313
"{'Cu3Au': 4, 'Cr3Si': 1, 'PuNi3': 2, 'Fe3C': 3, 'Mg3Cd': 6, 'TiAl3': 5}",1.5889691624096607
"{'Cu3Au': 4, 'Cr3Si': 1, 'PuNi3': 2, 'Fe3C': 5, 'Mg3Cd': 3, 'TiAl3': 6}",1.6943860046997796
"{'Cu3Au': 4, 'Cr3Si': 1, 'PuNi3': 2, 'Fe3C': 5, 'Mg3Cd': 6, 'TiAl3': 3}",1.5412313667404691
"{'Cu3Au': 4, 'Cr3Si': 1, 'PuNi3': 2, 'Fe3C': 6, 'Mg3Cd': 3, 'TiAl3': 5}",1.6507973437249357
"{'Cu3Au': 4, 'Cr3Si': 1, 'PuNi3': 2, 'Fe3C': 6, 'Mg3Cd': 5, 'TiAl3': 3}",1.5209110700816855
"{'Cu3Au': 4, 'Cr3Si': 1, 'PuNi3': 3, 'Fe3C': 2, 'Mg3Cd': 5, 'TiAl3': 6}",1.6203551237113074
"{'Cu3Au': 4, 'Cr3Si': 1, 'PuNi3': 3, 'Fe3C': 2, 'Mg3Cd': 6, 'TiAl3': 5}",1.5996473148757453
"{'Cu3Au': 4, 'Cr3Si': 1, 'PuNi3': 3, 'Fe3C': 5, 'Mg3Cd': 2, 'TiAl3': 6}",1.7072657358239434
"{'Cu3Au': 4, 'Cr3Si': 1, 'PuNi3': 3, 'Fe3C': 5, 'Mg3Cd': 6, 'TiAl3': 2}",1.5019838010484792
"{'Cu3Au': 4, 'Cr3Si': 1, 'PuNi3': 3, 'Fe3C': 6, 'Mg3Cd': 2, 'TiAl3': 5}",1.7183289694966721
"{'Cu3Au': 4, 'Cr3Si': 1, 'PuNi3': 3, 'Fe3C': 6, 'Mg3Cd': 5, 'TiAl3': 2}",1.624602466084641
"{'Cu3Au': 4, 'Cr3Si': 1, 'PuNi3': 5, 'Fe3C': 2, 'Mg3Cd': 3, 'TiAl3': 6}",1.5782417462336606
"{'Cu3Au': 4, 'Cr3Si': 1, 'PuNi3': 5, 'Fe3C': 2, 'Mg3Cd': 6, 'TiAl3': 3}",1.5258917732891752
"{'Cu3Au': 4, 'Cr3Si': 1, 'PuNi3': 5, 'Fe3C': 3, 'Mg3Cd': 2, 'TiAl3': 6}",1.601342293209808
"{'Cu3Au': 4, 'Cr3Si': 1, 'PuNi3': 5, 'Fe3C': 3, 'Mg3Cd': 6, 'TiAl3': 2}",1.4727803645189788
"{'Cu3Au': 4, 'Cr3Si': 1, 'PuNi3': 5, 'Fe3C': 6, 'Mg3Cd': 2, 'TiAl3': 3}",1.769035137087799
"{'Cu3Au': 4, 'Cr3Si': 1, 'PuNi3': 5, 'Fe3C': 6, 'Mg3Cd': 3, 'TiAl3': 2}",1.7539142359052298
"{'Cu3Au': 4, 'Cr3Si': 1, 'PuNi3': 6, 'Fe3C': 2, 'Mg3Cd': 3, 'TiAl3': 5}",1.5356410015421396
"{'Cu3Au': 4, 'Cr3Si': 1, 'PuNi3': 6, 'Fe3C': 2, 'Mg3Cd': 5, 'TiAl3': 3}",1.544543325164683
"{'Cu3Au': 4, 'Cr3Si': 1, 'PuNi3': 6, 'Fe3C': 3, 'Mg3Cd': 2, 'TiAl3': 5}",1.5607963601646155
"{'Cu3Au': 4, 'Cr3Si': 1, 'PuNi3': 6, 'Fe3C': 3, 'Mg3Cd': 5, 'TiAl3': 2}",1.4847052776678225
"{'Cu3Au': 4, 'Cr3Si': 1, 'PuNi3': 6, 'Fe3C': 5, 'Mg3Cd': 2, 'TiAl3': 3}",1.7045279861334868
"{'Cu3Au': 4, 'Cr3Si': 1, 'PuNi3': 6, 'Fe3C': 5, 'Mg3Cd': 3, 'TiAl3': 2}",1.687953735052249
"{'Cu3Au': 4, 'Cr3Si': 2, 'PuNi3': 1, 'Fe3C': 3, 'Mg3Cd': 5, 'TiAl3': 6}",1.7333759822844717
"{'Cu3Au': 4, 'Cr3Si': 2, 'PuNi3': 1, 'Fe3C': 3, 'Mg3Cd': 6, 'TiAl3': 5}",1.7071902208341676
"{'Cu3Au': 4, 'Cr3Si': 2, 'PuNi3': 1, 'Fe3C': 5, 'Mg3Cd': 3, 'TiAl3': 6}",1.7388225632036813
"{'Cu3Au': 4, 'Cr3Si': 2, 'PuNi3': 1, 'Fe3C': 5, 'Mg3Cd': 6, 'TiAl3': 3}",1.6264274260708118
"{'Cu3Au': 4, 'Cr3Si': 2, 'PuNi3': 1, 'Fe3C': 6, 'Mg3Cd': 3, 'TiAl3': 5}",1.6594791507932765
"{'Cu3Au': 4, 'Cr3Si': 2, 'PuNi3': 1, 'Fe3C': 6, 'Mg3Cd': 5, 'TiAl3': 3}",1.5854871466842104
"{'Cu3Au': 4, 'Cr3Si': 2, 'PuNi3': 3, 'Fe3C': 1, 'Mg3Cd': 5, 'TiAl3': 6}",1.7227024150532135
"{'Cu3Au': 4, 'Cr3Si': 2, 'PuNi3': 3, 'Fe3C': 1, 'Mg3Cd': 6, 'TiAl3': 5}",1.712442621232915
"{'Cu3Au': 4, 'Cr3Si': 2, 'PuNi3': 3, 'Fe3C': 5, 'Mg3Cd': 1, 'TiAl3': 6}",1.6813325487638096
"{'Cu3Au': 4, 'Cr3Si': 2, 'PuNi3': 3, 'Fe3C': 5, 'Mg3Cd': 6, 'TiAl3': 1}",1.3697188365165642
"{'Cu3Au': 4, 'Cr3Si': 2, 'PuNi3': 3, 'Fe3C': 6, 'Mg3Cd': 1, 'TiAl3': 5}",1.667490794729159
"{'Cu3Au': 4, 'Cr3Si': 2, 'PuNi3': 3, 'Fe3C': 6, 'Mg3Cd': 5, 'TiAl3': 1}",1.535491573129867
"{'Cu3Au': 4, 'Cr3Si': 2, 'PuNi3': 5, 'Fe3C': 1, 'Mg3Cd': 3, 'TiAl3': 6}",1.6581576535647626
"{'Cu3Au': 4, 'Cr3Si': 2, 'PuNi3': 5, 'Fe3C': 1, 'Mg3Cd': 6, 'TiAl3': 3}",1.649173574641165
"{'Cu3Au': 4, 'Cr3Si': 2, 'PuNi3': 5, 'Fe3C': 3, 'Mg3Cd': 1, 'TiAl3': 6}",1.5784698046757089
"{'Cu3Au': 4, 'Cr3Si': 2, 'PuNi3': 5, 'Fe3C': 3, 'Mg3Cd': 6, 'TiAl3': 1}",1.501034828076444
"{'Cu3Au': 4, 'Cr3Si': 2, 'PuNi3': 5, 'Fe3C': 6, 'Mg3Cd': 1, 'TiAl3': 3}",1.8081687545938365
"{'Cu3Au': 4, 'Cr3Si': 2, 'PuNi3': 5, 'Fe3C': 6, 'Mg3Cd': 3, 'TiAl3': 1}",1.8102930228528527
"{'Cu3Au': 4, 'Cr3Si': 2, 'PuNi3': 6, 'Fe3C': 1, 'Mg3Cd': 3, 'TiAl3': 5}",1.6371053986004918
"{'Cu3Au': 4, 'Cr3Si': 2, 'PuNi3': 6, 'Fe3C': 1, 'Mg3Cd': 5, 'TiAl3': 3}",1.6623693081550315
"{'Cu3Au': 4, 'Cr3Si': 2, 'PuNi3': 6, 'Fe3C': 3, 'Mg3Cd': 1, 'TiAl3': 5}",1.5555669093624447
"{'Cu3Au': 4, 'Cr3Si': 2, 'PuNi3': 6, 'Fe3C': 3, 'Mg3Cd': 5, 'TiAl3': 1}",1.528942250096742
"{'Cu3Au': 4, 'Cr3Si': 2, 'PuNi3': 6, 'Fe3C': 5, 'Mg3Cd': 1, 'TiAl3': 3}",1.7473011415510296
"{'Cu3Au': 4, 'Cr3Si': 2, 'PuNi3': 6, 'Fe3C': 5, 'Mg3Cd': 3, 'TiAl3': 1}",1.7349736725530194
"{'Cu3Au': 4, 'Cr3Si': 3, 'PuNi3': 1, 'Fe3C': 2, 'Mg3Cd': 5, 'TiAl3': 6}",1.8075122708513964
"{'Cu3Au': 4, 'Cr3Si': 3, 'PuNi3': 1, 'Fe3C': 2, 'Mg3Cd': 6, 'TiAl3': 5}",1.7692688255591522
"{'Cu3Au': 4, 'Cr3Si': 3, 'PuNi3': 1, 'Fe3C': 5, 'Mg3Cd': 2, 'TiAl3': 6}",1.7261556193643182
"{'Cu3Au': 4, 'Cr3Si': 3, 'PuNi3': 1, 'Fe3C': 5, 'Mg3Cd': 6, 'TiAl3': 2}",1.552316772017585
"{'Cu3Au': 4, 'Cr3Si': 3, 'PuNi3': 1, 'Fe3C': 6, 'Mg3Cd': 2, 'TiAl3': 5}",1.6905196110885652
"{'Cu3Au': 4, 'Cr3Si': 3, 'PuNi3': 1, 'Fe3C': 6, 'Mg3Cd': 5, 'TiAl3': 2}",1.6012124353942312
"{'Cu3Au': 4, 'Cr3Si': 3, 'PuNi3': 2, 'Fe3C': 1, 'Mg3Cd': 5, 'TiAl3': 6}",1.8206067380595503
"{'Cu3Au': 4, 'Cr3Si': 3, 'PuNi3': 2, 'Fe3C': 1, 'Mg3Cd': 6, 'TiAl3': 5}",1.7909195344768962
"{'Cu3Au': 4, 'Cr3Si': 3, 'PuNi3': 2, 'Fe3C': 5, 'Mg3Cd': 1, 'TiAl3': 6}",1.5133269042071673
"{'Cu3Au': 4, 'Cr3Si': 3, 'PuNi3': 2, 'Fe3C': 5, 'Mg3Cd': 6, 'TiAl3': 1}",1.5173960112462297
"{'Cu3Au': 4, 'Cr3Si': 3, 'PuNi3': 2, 'Fe3C': 6, 'Mg3Cd': 1, 'TiAl3': 5}",1.493064411929802
"{'Cu3Au': 4, 'Cr3Si': 3, 'PuNi3': 2, 'Fe3C': 6, 'Mg3Cd': 5, 'TiAl3': 1}",1.590803527490698
"{'Cu3Au': 4, 'Cr3Si': 3, 'PuNi3': 5, 'Fe3C': 1, 'Mg3Cd': 2, 'TiAl3': 6}",1.6536725631289764
"{'Cu3Au': 4, 'Cr3Si': 3, 'PuNi3': 5, 'Fe3C': 1, 'Mg3Cd': 6, 'TiAl3': 2}",1.6765617924313163
"{'Cu3Au': 4, 'Cr3Si': 3, 'PuNi3': 5, 'Fe3C': 2, 'Mg3Cd': 1, 'TiAl3': 6}",1.55513119036931
"{'Cu3Au': 4, 'Cr3Si': 3, 'PuNi3': 5, 'Fe3C': 2, 'Mg3Cd': 6, 'TiAl3': 1}",1.660850331299836
"{'Cu3Au': 4, 'Cr3Si': 3, 'PuNi3': 5, 'Fe3C': 6, 'Mg3Cd': 1, 'TiAl3': 2}",1.8099801459064746
"{'Cu3Au': 4, 'Cr3Si': 3, 'PuNi3': 5, 'Fe3C': 6, 'Mg3Cd': 2, 'TiAl3': 1}",1.8417777481766502
"{'Cu3Au': 4, 'Cr3Si': 3, 'PuNi3': 6, 'Fe3C': 1, 'Mg3Cd': 2, 'TiAl3': 5}",1.6443061116115125
"{'Cu3Au': 4, 'Cr3Si': 3, 'PuNi3': 6, 'Fe3C': 1, 'Mg3Cd': 5, 'TiAl3': 2}",1.7046427377415
"{'Cu3Au': 4, 'Cr3Si': 3, 'PuNi3': 6, 'Fe3C': 2, 'Mg3Cd': 1, 'TiAl3': 5}",1.5406297628349381
"{'Cu3Au': 4, 'Cr3Si': 3, 'PuNi3': 6, 'Fe3C': 2, 'Mg3Cd': 5, 'TiAl3': 1}",1.6688912243217697
"{'Cu3Au': 4, 'Cr3Si': 3, 'PuNi3': 6, 'Fe3C': 5, 'Mg3Cd': 1, 'TiAl3': 2}",1.7576577821014958
"{'Cu3Au': 4, 'Cr3Si': 3, 'PuNi3': 6, 'Fe3C': 5, 'Mg3Cd': 2, 'TiAl3': 1}",1.778552672406986
"{'Cu3Au': 4, 'Cr3Si': 5, 'PuNi3': 1, 'Fe3C': 2, 'Mg3Cd': 3, 'TiAl3': 6}",1.654812336896356
"{'Cu3Au': 4, 'Cr3Si': 5, 'PuNi3': 1, 'Fe3C': 2, 'Mg3Cd': 6, 'TiAl3': 3}",1.66007287558937
"{'Cu3Au': 4, 'Cr3Si': 5, 'PuNi3': 1, 'Fe3C': 3, 'Mg3Cd': 2, 'TiAl3': 6}",1.6081774923803285
"{'Cu3Au': 4, 'Cr3Si': 5, 'PuNi3': 1, 'Fe3C': 3, 'Mg3Cd': 6, 'TiAl3': 2}",1.5611576104590137
"{'Cu3Au': 4, 'Cr3Si': 5, 'PuNi3': 1, 'Fe3C': 6, 'Mg3Cd': 2, 'TiAl3': 3}",1.6811868125882337
"{'Cu3Au': 4, 'Cr3Si': 5, 'PuNi3': 1, 'Fe3C': 6, 'Mg3Cd': 3, 'TiAl3': 2}",1.6806290445657945
"{'Cu3Au': 4, 'Cr3Si': 5, 'PuNi3': 2, 'Fe3C': 1, 'Mg3Cd': 3, 'TiAl3': 6}",1.7573319696448146
"{'Cu3Au': 4, 'Cr3Si': 5, 'PuNi3': 2, 'Fe3C': 1, 'Mg3Cd': 6, 'TiAl3': 3}",1.7889451195133463
"{'Cu3Au': 4, 'Cr3Si': 5, 'PuNi3': 2, 'Fe3C': 3, 'Mg3Cd': 1, 'TiAl3': 6}",1.552057138387965
"{'Cu3Au': 4, 'Cr3Si': 5, 'PuNi3': 2, 'Fe3C': 3, 'Mg3Cd': 6, 'TiAl3': 1}",1.6151644640205476
"{'Cu3Au': 4, 'Cr3Si': 5, 'PuNi3': 2, 'Fe3C': 6, 'Mg3Cd': 1, 'TiAl3': 3}",1.6840783141351336
"{'Cu3Au': 4, 'Cr3Si': 5, 'PuNi3': 2, 'Fe3C': 6, 'Mg3Cd': 3, 'TiAl3': 1}",1.7308804817438341
"{'Cu3Au': 4, 'Cr3Si': 5, 'PuNi3': 3, 'Fe3C': 1, 'Mg3Cd': 2, 'TiAl3': 6}",1.6965673133464905
"{'Cu3Au': 4, 'Cr3Si': 5, 'PuNi3': 3, 'Fe3C': 1, 'Mg3Cd': 6, 'TiAl3': 2}",1.7999562877730975
"{'Cu3Au': 4, 'Cr3Si': 5, 'PuNi3': 3, 'Fe3C': 2, 'Mg3Cd': 1, 'TiAl3': 6}",1.588330174353042
"{'Cu3Au': 4, 'Cr3Si': 5, 'PuNi3': 3, 'Fe3C': 2, 'Mg3Cd': 6, 'TiAl3': 1}",1.7675169261207482
"{'Cu3Au': 4, 'Cr3Si': 5, 'PuNi3': 3, 'Fe3C': 6, 'Mg3Cd': 1, 'TiAl3': 2}",1.694394722516639
"{'Cu3Au': 4, 'Cr3Si': 5, 'PuNi3': 3, 'Fe3C': 6, 'Mg3Cd': 2, 'TiAl3': 1}",1.7408532734403488
"{'Cu3Au': 4, 'Cr3Si': 5, 'PuNi3': 6, 'Fe3C': 1, 'Mg3Cd': 2, 'TiAl3': 3}",1.6461359406330345
"{'Cu3Au': 4, 'Cr3Si': 5, 'PuNi3': 6, 'Fe3C': 1, 'Mg3Cd': 3, 'TiAl3': 2}",1.6938761639135747
"{'Cu3Au': 4, 'Cr3Si': 5, 'PuNi3': 6, 'Fe3C': 2, 'Mg3Cd': 1, 'TiAl3': 3}",1.580597000328067
"{'Cu3Au': 4, 'Cr3Si': 5, 'PuNi3': 6, 'Fe3C': 2, 'Mg3Cd': 3, 'TiAl3': 1}",1.6963916300679454
"{'Cu3Au': 4, 'Cr3Si': 5, 'PuNi3': 6, 'Fe3C': 3, 'Mg3Cd': 1, 'TiAl3': 2}",1.5684740969751374
"{'Cu3Au': 4, 'Cr3Si': 5, 'PuNi3': 6, 'Fe3C': 3, 'Mg3Cd': 2, 'TiAl3': 1}",1.6121141938653356
"{'Cu3Au': 4, 'Cr3Si': 6, 'PuNi3': 1, 'Fe3C': 2, 'Mg3Cd': 3, 'TiAl3': 5}",1.611543182349664
"{'Cu3Au': 4, 'Cr3Si': 6, 'PuNi3': 1, 'Fe3C': 2, 'Mg3Cd': 5, 'TiAl3': 3}",1.5975540238852344
"{'Cu3Au': 4, 'Cr3Si': 6, 'PuNi3': 1, 'Fe3C': 3, 'Mg3Cd': 2, 'TiAl3': 5}",1.5527771597774882
"{'Cu3Au': 4, 'Cr3Si': 6, 'PuNi3': 1, 'Fe3C': 3, 'Mg3Cd': 5, 'TiAl3': 2}",1.5331209691809262
"{'Cu3Au': 4, 'Cr3Si': 6, 'PuNi3': 1, 'Fe3C': 5, 'Mg3Cd': 2, 'TiAl3': 3}",1.596137222090245
"{'Cu3Au': 4, 'Cr3Si': 6, 'PuNi3': 1, 'Fe3C': 5, 'Mg3Cd': 3, 'TiAl3': 2}",1.6018676697697716
"{'Cu3Au': 4, 'Cr3Si': 6, 'PuNi3': 2, 'Fe3C': 1, 'Mg3Cd': 3, 'TiAl3': 5}",1.7238979755752522
"{'Cu3Au': 4, 'Cr3Si': 6, 'PuNi3': 2, 'Fe3C': 1, 'Mg3Cd': 5, 'TiAl3': 3}",1.7790754365822476
"{'Cu3Au': 4, 'Cr3Si': 6, 'PuNi3': 2, 'Fe3C': 3, 'Mg3Cd': 1, 'TiAl3': 5}",1.533013741377737
"{'Cu3Au': 4, 'Cr3Si': 6, 'PuNi3': 2, 'Fe3C': 3, 'Mg3Cd': 5, 'TiAl3': 1}",1.6405872491164701
"{'Cu3Au': 4, 'Cr3Si': 6, 'PuNi3': 2, 'Fe3C': 5, 'Mg3Cd': 1, 'TiAl3': 3}",1.6086623853729867
"{'Cu3Au': 4, 'Cr3Si': 6, 'PuNi3': 2, 'Fe3C': 5, 'Mg3Cd': 3, 'TiAl3': 1}",1.6688392438104616
"{'Cu3Au': 4, 'Cr3Si': 6, 'PuNi3': 3, 'Fe3C': 1, 'Mg3Cd': 2, 'TiAl3': 5}",1.7164396863343174
"{'Cu3Au': 4, 'Cr3Si': 6, 'PuNi3': 3, 'Fe3C': 1, 'Mg3Cd': 5, 'TiAl3': 2}",1.8167282508216
"{'Cu3Au': 4, 'Cr3Si': 6, 'PuNi3': 3, 'Fe3C': 2, 'Mg3Cd': 1, 'TiAl3': 5}",1.615652862177833
"{'Cu3Au': 4, 'Cr3Si': 6, 'PuNi3': 3, 'Fe3C': 2, 'Mg3Cd': 5, 'TiAl3': 1}",1.7744488395752802
"{'Cu3Au': 4, 'Cr3Si': 6, 'PuNi3': 3, 'Fe3C': 5, 'Mg3Cd': 1, 'TiAl3': 2}",1.6337466316312825
"{'Cu3Au': 4, 'Cr3Si': 6, 'PuNi3': 3, 'Fe3C': 5, 'Mg3Cd': 2, 'TiAl3': 1}",1.6864766235755713
"{'Cu3Au': 4, 'Cr3Si': 6, 'PuNi3': 5, 'Fe3C': 1, 'Mg3Cd': 2, 'TiAl3': 3}",1.6941052072459644
"{'Cu3Au': 4, 'Cr3Si': 6, 'PuNi3': 5, 'Fe3C': 1, 'Mg3Cd': 3, 'TiAl3': 2}",1.7455912719170983
"{'Cu3Au': 4, 'Cr3Si': 6, 'PuNi3': 5, 'Fe3C': 2, 'Mg3Cd': 1, 'TiAl3': 3}",1.6890053338071176
"{'Cu3Au': 4, 'Cr3Si': 6, 'PuNi3': 5, 'Fe3C': 2, 'Mg3Cd': 3, 'TiAl3': 1}",1.7626766343068618
"{'Cu3Au': 4, 'Cr3Si': 6, 'PuNi3': 5, 'Fe3C': 3, 'Mg3Cd': 1, 'TiAl3': 2}",1.5442773170085553
"{'Cu3Au': 4, 'Cr3Si': 6, 'PuNi3': 5, 'Fe3C': 3, 'Mg3Cd': 2, 'TiAl3': 1}",1.64172468610333
"{'Cu3Au': 5, 'Cr3Si': 1, 'PuNi3': 2, 'Fe3C': 3, 'Mg3Cd': 4, 'TiAl3': 6}",1.5692225615372808
"{'Cu3Au': 5, 'Cr3Si': 1, 'PuNi3': 2, 'Fe3C': 3, 'Mg3Cd': 6, 'TiAl3': 4}",1.5557403022379348
"{'Cu3Au': 5, 'Cr3Si': 1, 'PuNi3': 2, 'Fe3C': 4, 'Mg3Cd': 3, 'TiAl3': 6}",1.5775413549743045
"{'Cu3Au': 5, 'Cr3Si': 1, 'PuNi3': 2, 'Fe3C': 4, 'Mg3Cd': 6, 'TiAl3': 3}",1.5270871520891787
"{'Cu3Au': 5, 'Cr3Si': 1, 'PuNi3': 2, 'Fe3C': 6, 'Mg3Cd': 3, 'TiAl3': 4}",1.6268461221685233
"{'Cu3Au': 5, 'Cr3Si': 1, 'PuNi3': 2, 'Fe3C': 6, 'Mg3Cd': 4, 'TiAl3': 3}",1.5985326795101868
"{'Cu3Au': 5, 'Cr3Si': 1, 'PuNi3': 3, 'Fe3C': 2, 'Mg3Cd': 4, 'TiAl3': 6}",1.5355388843968343
"{'Cu3Au': 5, 'Cr3Si': 1, 'PuNi3': 3, 'Fe3C': 2, 'Mg3Cd': 6, 'TiAl3': 4}",1.540778550612075
"{'Cu3Au': 5, 'Cr3Si': 1, 'PuNi3': 3, 'Fe3C': 4, 'Mg3Cd': 2, 'TiAl3': 6}",1.5421763523026255
"{'Cu3Au': 5, 'Cr3Si': 1, 'PuNi3': 3, 'Fe3C': 4, 'Mg3Cd': 6, 'TiAl3': 2}",1.4551296298990577
"{'Cu3Au': 5, 'Cr3Si': 1, 'PuNi3': 3, 'Fe3C': 6, 'Mg3Cd': 2, 'TiAl3': 4}",1.6376104759955072
"{'Cu3Au': 5, 'Cr3Si': 1, 'PuNi3': 3, 'Fe3C': 6, 'Mg3Cd': 4, 'TiAl3': 2}",1.5934194550455032
"{'Cu3Au': 5, 'Cr3Si': 1, 'PuNi3': 4, 'Fe3C': 2, 'Mg3Cd': 3, 'TiAl3': 6}",1.4311187297911614
"{'Cu3Au': 5, 'Cr3Si': 1, 'PuNi3': 4, 'Fe3C': 2, 'Mg3Cd': 6, 'TiAl3': 3}",1.457012735176968
"{'Cu3Au': 5, 'Cr3Si': 1, 'PuNi3': 4, 'Fe3C': 3, 'Mg3Cd': 2, 'TiAl3': 6}",1.4606072648332031
"{'Cu3Au': 5, 'Cr3Si': 1, 'PuNi3': 4, 'Fe3C': 3, 'Mg3Cd': 6, 'TiAl3': 2}",1.4114832872059324
"{'Cu3Au': 5, 'Cr3Si': 1, 'PuNi3': 4, 'Fe3C': 6, 'Mg3Cd': 2, 'TiAl3': 3}",1.6504525628305435
"{'Cu3Au': 5, 'Cr3Si': 1, 'PuNi3': 4, 'Fe3C': 6, 'Mg3Cd': 3, 'TiAl3': 2}",1.6307730266003533
"{'Cu3Au': 5, 'Cr3Si': 1, 'PuNi3': 6, 'Fe3C': 2, 'Mg3Cd': 3, 'TiAl3': 4}",1.4245796494965572
"{'Cu3Au': 5, 'Cr3Si': 1, 'PuNi3': 6, 'Fe3C': 2, 'Mg3Cd': 4, 'TiAl3': 3}",1.4457883543528363
"{'Cu3Au': 5, 'Cr3Si': 1, 'PuNi3': 6, 'Fe3C': 3, 'Mg3Cd': 2, 'TiAl3': 4}",1.5010394791343975
"{'Cu3Au': 5, 'Cr3Si': 1, 'PuNi3': 6, 'Fe3C': 3, 'Mg3Cd': 4, 'TiAl3': 2}",1.4751446441649754
"{'Cu3Au': 5, 'Cr3Si': 1, 'PuNi3': 6, 'Fe3C': 4, 'Mg3Cd': 2, 'TiAl3': 3}",1.5966311345636792
"{'Cu3Au': 5, 'Cr3Si': 1, 'PuNi3': 6, 'Fe3C': 4, 'Mg3Cd': 3, 'TiAl3': 2}",1.5782133754943288
"{'Cu3Au': 5, 'Cr3Si': 2, 'PuNi3': 1, 'Fe3C': 3, 'Mg3Cd': 4, 'TiAl3': 6}",1.6860988494950404
"{'Cu3Au': 5, 'Cr3Si': 2, 'PuNi3': 1, 'Fe3C': 3, 'Mg3Cd': 6, 'TiAl3': 4}",1.6798340676401913
"{'Cu3Au': 5, 'Cr3Si': 2, 'PuNi3': 1, 'Fe3C': 4, 'Mg3Cd': 3, 'TiAl3': 6}",1.6733037717997317
"{'Cu3Au': 5, 'Cr3Si': 2, 'PuNi3': 1, 'Fe3C': 4, 'Mg3Cd': 6, 'TiAl3': 3}",1.6608225064345923
"{'Cu3Au': 5, 'Cr3Si': 2, 'PuNi3': 1, 'Fe3C': 6, 'Mg3Cd': 3, 'TiAl3': 4}",1.697138997726914
"{'Cu3Au': 5, 'Cr3Si': 2, 'PuNi3': 1, 'Fe3C': 6, 'Mg3Cd': 4, 'TiAl3': 3}",1.6993580350930173
"{'Cu3Au': 5, 'Cr3Si': 2, 'PuNi3': 3, 'Fe3C': 1, 'Mg3Cd': 4, 'TiAl3': 6}",1.6194754903226225
"{'Cu3Au': 5, 'Cr3Si': 2, 'PuNi3': 3, 'Fe3C': 1, 'Mg3Cd': 6, 'TiAl3': 4}",1.6450391031162834
"{'Cu3Au': 5, 'Cr3Si': 2, 'PuNi3': 3, 'Fe3C': 4, 'Mg3Cd': 1, 'TiAl3': 6}",1.4949039406630316
"{'Cu3Au': 5, 'Cr3Si': 2, 'PuNi3': 3, 'Fe3C': 4, 'Mg3Cd': 6, 'TiAl3': 1}",1.4387090642360787
"{'Cu3Au': 5, 'Cr3Si': 2, 'PuNi3': 3, 'Fe3C': 6, 'Mg3Cd': 1, 'TiAl3': 4}",1.6281974684176412
"{'Cu3Au': 5, 'Cr3Si': 2, 'PuNi3': 3, 'Fe3C': 6, 'Mg3Cd': 4, 'TiAl3': 1}",1.560661295995921
"{'Cu3Au': 5, 'Cr3Si': 2, 'PuNi3': 4, 'Fe3C': 1, 'Mg3Cd': 3, 'TiAl3': 6}",1.4726159887047483
"{'Cu3Au': 5, 'Cr3Si': 2, 'PuNi3': 4, 'Fe3C': 1, 'Mg3Cd': 6, 'TiAl3': 3}",1.5639958439048982
"{'Cu3Au': 5, 'Cr3Si': 2, 'PuNi3': 4, 'Fe3C': 3, 'Mg3Cd': 1, 'TiAl3': 6}",1.416178236595845
"{'Cu3Au': 5, 'Cr3Si': 2, 'PuNi3': 4, 'Fe3C': 3, 'Mg3Cd': 6, 'TiAl3': 1}",1.4330996977056587
"{'Cu3Au': 5, 'Cr3Si': 2, 'PuNi3': 4, 'Fe3C': 6, 'Mg3Cd': 1, 'TiAl3': 3}",1.6687766911619244
"{'Cu3Au': 5, 'Cr3Si': 2, 'PuNi3': 4, 'Fe3C': 6, 'Mg3Cd': 3, 'TiAl3': 1}",1.6530419645891803
"{'Cu3Au': 5, 'Cr3Si': 2, 'PuNi3': 6, 'Fe3C': 1, 'Mg3Cd': 3, 'TiAl3': 4}",1.534207048839361
"{'Cu3Au': 5, 'Cr3Si': 2, 'PuNi3': 6, 'Fe3C': 1, 'Mg3Cd': 4, 'TiAl3': 3}",1.5784814066430077
"{'Cu3Au': 5, 'Cr3Si': 2, 'PuNi3': 6, 'Fe3C': 3, 'Mg3Cd': 1, 'TiAl3': 4}",1.529352626338757
"{'Cu3Au': 5, 'Cr3Si': 2, 'PuNi3': 6, 'Fe3C': 3, 'Mg3Cd': 4, 'TiAl3': 1}",1.5162724970162447
"{'Cu3Au': 5, 'Cr3Si': 2, 'PuNi3': 6, 'Fe3C': 4, 'Mg3Cd': 1, 'TiAl3': 3}",1.6272014670198156
"{'Cu3Au': 5, 'Cr3Si': 2, 'PuNi3': 6, 'Fe3C': 4, 'Mg3Cd': 3, 'TiAl3': 1}",1.6132479047816
"{'Cu3Au': 5, 'Cr3Si': 3, 'PuNi3': 1, 'Fe3C': 2, 'Mg3Cd': 4, 'TiAl3': 6}",1.7644347959193771
"{'Cu3Au': 5, 'Cr3Si': 3, 'PuNi3': 1, 'Fe3C': 2, 'Mg3Cd': 6, 'TiAl3': 4}",1.7566358483726916
"{'Cu3Au': 5, 'Cr3Si': 3, 'PuNi3': 1, 'Fe3C': 4, 'Mg3Cd': 2, 'TiAl3': 6}",1.7010562646221692
"{'Cu3Au': 5, 'Cr3Si': 3, 'PuNi3': 1, 'Fe3C': 4, 'Mg3Cd': 6, 'TiAl3': 2}",1.7104131855648608
"{'Cu3Au': 5, 'Cr3Si': 3, 'PuNi3': 1, 'Fe3C': 6, 'Mg3Cd': 2, 'TiAl3': 4}",1.7625425133714203
"{'Cu3Au': 5, 'Cr3Si': 3, 'PuNi3': 1, 'Fe3C': 6, 'Mg3Cd': 4, 'TiAl3': 2}",1.7617411365149738
"{'Cu3Au': 5, 'Cr3Si': 3, 'PuNi3': 2, 'Fe3C': 1, 'Mg3Cd': 4, 'TiAl3': 6}",1.7469418284731044
"{'Cu3Au': 5, 'Cr3Si': 3, 'PuNi3': 2, 'Fe3C': 1, 'Mg3Cd': 6, 'TiAl3': 4}",1.7412531295861584
"{'Cu3Au': 5, 'Cr3Si': 3, 'PuNi3': 2, 'Fe3C': 4, 'Mg3Cd': 1, 'TiAl3': 6}",1.5760136618467344
"{'Cu3Au': 5, 'Cr3Si': 3, 'PuNi3': 2, 'Fe3C': 4, 'Mg3Cd': 6, 'TiAl3': 1}",1.6550115176038367
"{'Cu3Au': 5, 'Cr3Si': 3, 'PuNi3': 2, 'Fe3C': 6, 'Mg3Cd': 1, 'TiAl3': 4}",1.6172997341600985
"{'Cu3Au': 5, 'Cr3Si': 3, 'PuNi3': 2, 'Fe3C': 6, 'Mg3Cd': 4, 'TiAl3': 1}",1.6899742028015865
"{'Cu3Au': 5, 'Cr3Si': 3, 'PuNi3': 4, 'Fe3C': 1, 'Mg3Cd': 2, 'TiAl3': 6}",1.4558847544500322
"{'Cu3Au': 5, 'Cr3Si': 3, 'PuNi3': 4, 'Fe3C': 1, 'Mg3Cd': 6, 'TiAl3': 2}",1.6474800281953763
"{'Cu3Au': 5, 'Cr3Si': 3, 'PuNi3': 4, 'Fe3C': 2, 'Mg3Cd': 1, 'TiAl3': 6}",1.3821134905717891
"{'Cu3Au': 5, 'Cr3Si': 3, 'PuNi3': 4, 'Fe3C': 2, 'Mg3Cd': 6, 'TiAl3': 1}",1.608208363204738
"{'Cu3Au': 5, 'Cr3Si': 3, 'PuNi3': 4, 'Fe3C': 6, 'Mg3Cd': 1, 'TiAl3': 2}",1.6535568337491464
"{'Cu3Au': 5, 'Cr3Si': 3, 'PuNi3': 4, 'Fe3C': 6, 'Mg3Cd': 2, 'TiAl3': 1}",1.6654354827142792
"{'Cu3Au': 5, 'Cr3Si': 3, 'PuNi3': 6, 'Fe3C': 1, 'Mg3Cd': 2, 'TiAl3': 4}",1.5941095213129457
"{'Cu3Au': 5, 'Cr3Si': 3, 'PuNi3': 6, 'Fe3C': 1, 'Mg3Cd': 4, 'TiAl3': 2}",1.6723462867638408
"{'Cu3Au': 5, 'Cr3Si': 3, 'PuNi3': 6, 'Fe3C': 2, 'Mg3Cd': 1, 'TiAl3': 4}",1.5313475162897556
"{'Cu3Au': 5, 'Cr3Si': 3, 'PuNi3': 6, 'Fe3C': 2, 'Mg3Cd': 4, 'TiAl3': 1}",1.646274892571765
"{'Cu3Au': 5, 'Cr3Si': 3, 'PuNi3': 6, 'Fe3C': 4, 'Mg3Cd': 1, 'TiAl3': 2}",1.6288493932585681
"{'Cu3Au': 5, 'Cr3Si': 3, 'PuNi3': 6, 'Fe3C': 4, 'Mg3Cd': 2, 'TiAl3': 1}",1.6398204893955748
"{'Cu3Au': 5, 'Cr3Si': 4, 'PuNi3': 1, 'Fe3C': 2, 'Mg3Cd': 3, 'TiAl3': 6}",1.7843755539480717
"{'Cu3Au': 5, 'Cr3Si': 4, 'PuNi3': 1, 'Fe3C': 2, 'Mg3Cd': 6, 'TiAl3': 3}",1.7712969859476624
"{'Cu3Au': 5, 'Cr3Si': 4, 'PuNi3': 1, 'Fe3C': 3, 'Mg3Cd': 2, 'TiAl3': 6}",1.7431582317615308
"{'Cu3Au': 5, 'Cr3Si': 4, 'PuNi3': 1, 'Fe3C': 3, 'Mg3Cd': 6, 'TiAl3': 2}",1.736002043304434
"{'Cu3Au': 5, 'Cr3Si': 4, 'PuNi3': 1, 'Fe3C': 6, 'Mg3Cd': 2, 'TiAl3': 3}",1.7873223080372398
"{'Cu3Au': 5, 'Cr3Si': 4, 'PuNi3': 1, 'Fe3C': 6, 'Mg3Cd': 3, 'TiAl3': 2}",1.7856044698256113
"{'Cu3Au': 5, 'Cr3Si': 4, 'PuNi3': 2, 'Fe3C': 1, 'Mg3Cd': 3, 'TiAl3': 6}",1.7570617940925077
"{'Cu3Au': 5, 'Cr3Si': 4, 'PuNi3': 2, 'Fe3C': 1, 'Mg3Cd': 6, 'TiAl3': 3}",1.7844785107105678
"{'Cu3Au': 5, 'Cr3Si': 4, 'PuNi3': 2, 'Fe3C': 3, 'Mg3Cd': 1, 'TiAl3': 6}",1.6133352899167026
"{'Cu3Au': 5, 'Cr3Si': 4, 'PuNi3': 2, 'Fe3C': 3, 'Mg3Cd': 6, 'TiAl3': 1}",1.723144331722878
"{'Cu3Au': 5, 'Cr3Si': 4, 'PuNi3': 2, 'Fe3C': 6, 'Mg3Cd': 1, 'TiAl3': 3}",1.7323880262520963
"{'Cu3Au': 5, 'Cr3Si': 4, 'PuNi3': 2, 'Fe3C': 6, 'Mg3Cd': 3, 'TiAl3': 1}",1.78873280100395
"{'Cu3Au': 5, 'Cr3Si': 4, 'PuNi3': 3, 'Fe3C': 1, 'Mg3Cd': 2, 'TiAl3': 6}",1.6250295358380136
"{'Cu3Au': 5, 'Cr3Si': 4, 'PuNi3': 3, 'Fe3C': 1, 'Mg3Cd': 6, 'TiAl3': 2}",1.7634888244296258
"{'Cu3Au': 5, 'Cr3Si': 4, 'PuNi3': 3, 'Fe3C': 2, 'Mg3Cd': 1, 'TiAl3': 6}",1.5129101955309587
"{'Cu3Au': 5, 'Cr3Si': 4, 'PuNi3': 3, 'Fe3C': 2, 'Mg3Cd': 6, 'TiAl3': 1}",1.7289695222362542
"{'Cu3Au': 5, 'Cr3Si': 4, 'PuNi3': 3, 'Fe3C': 6, 'Mg3Cd': 1, 'TiAl3': 2}",1.59045297134558
"{'Cu3Au': 5, 'Cr3Si': 4, 'PuNi3': 3, 'Fe3C': 6, 'Mg3Cd': 2, 'TiAl3': 1}",1.6830083603517765
"{'Cu3Au': 5, 'Cr3Si': 4, 'PuNi3': 6, 'Fe3C': 1, 'Mg3Cd': 2, 'TiAl3': 3}",1.6637782504323295
"{'Cu3Au': 5, 'Cr3Si': 4, 'PuNi3': 6, 'Fe3C': 1, 'Mg3Cd': 3, 'TiAl3': 2}",1.7130421263755196
"{'Cu3Au': 5, 'Cr3Si': 4, 'PuNi3': 6, 'Fe3C': 2, 'Mg3Cd': 1, 'TiAl3': 3}",1.5992687491843658
"{'Cu3Au': 5, 'Cr3Si': 4, 'PuNi3': 6, 'Fe3C': 2, 'Mg3Cd': 3, 'TiAl3': 1}",1.7079098212068147
"{'Cu3Au': 5, 'Cr3Si': 4, 'PuNi3': 6, 'Fe3C': 3, 'Mg3Cd': 1, 'TiAl3': 2}",1.5839509230564675
"{'Cu3Au': 5, 'Cr3Si': 4, 'PuNi3': 6, 'Fe3C': 3, 'Mg3Cd': 2, 'TiAl3': 1}",1.6348359784848039
"{'Cu3Au': 5, 'Cr3Si': 6, 'PuNi3': 1, 'Fe3C': 2, 'Mg3Cd': 3, 'TiAl3': 4}",1.6715089453437793
"{'Cu3Au': 5, 'Cr3Si': 6, 'PuNi3': 1, 'Fe3C': 2, 'Mg3Cd': 4, 'TiAl3': 3}",1.625682488918006
"{'Cu3Au': 5, 'Cr3Si': 6, 'PuNi3': 1, 'Fe3C': 3, 'Mg3Cd': 2, 'TiAl3': 4}",1.6691679458971003
"{'Cu3Au': 5, 'Cr3Si': 6, 'PuNi3': 1, 'Fe3C': 3, 'Mg3Cd': 4, 'TiAl3': 2}",1.6702315237984098
"{'Cu3Au': 5, 'Cr3Si': 6, 'PuNi3': 1, 'Fe3C': 4, 'Mg3Cd': 2, 'TiAl3': 3}",1.702272876660761
"{'Cu3Au': 5, 'Cr3Si': 6, 'PuNi3': 1, 'Fe3C': 4, 'Mg3Cd': 3, 'TiAl3': 2}",1.7238890666934061
"{'Cu3Au': 5, 'Cr3Si': 6, 'PuNi3': 2, 'Fe3C': 1, 'Mg3Cd': 3, 'TiAl3': 4}",1.7249348853977093
"{'Cu3Au': 5, 'Cr3Si': 6, 'PuNi3': 2, 'Fe3C': 1, 'Mg3Cd': 4, 'TiAl3': 3}",1.7850748365047997
"{'Cu3Au': 5, 'Cr3Si': 6, 'PuNi3': 2, 'Fe3C': 3, 'Mg3Cd': 1, 'TiAl3': 4}",1.6520586495347667
"{'Cu3Au': 5, 'Cr3Si': 6, 'PuNi3': 2, 'Fe3C': 3, 'Mg3Cd': 4, 'TiAl3': 1}",1.7728813288608503
"{'Cu3Au': 5, 'Cr3Si': 6, 'PuNi3': 2, 'Fe3C': 4, 'Mg3Cd': 1, 'TiAl3': 3}",1.6771790953286212
"{'Cu3Au': 5, 'Cr3Si': 6, 'PuNi3': 2, 'Fe3C': 4, 'Mg3Cd': 3, 'TiAl3': 1}",1.7700347817084219
"{'Cu3Au': 5, 'Cr3Si': 6, 'PuNi3': 3, 'Fe3C': 1, 'Mg3Cd': 2, 'TiAl3': 4}",1.7269944832717874
"{'Cu3Au': 5, 'Cr3Si': 6, 'PuNi3': 3, 'Fe3C': 1, 'Mg3Cd': 4, 'TiAl3': 2}",1.8459111040805227
"{'Cu3Au': 5, 'Cr3Si': 6, 'PuNi3': 3, 'Fe3C': 2, 'Mg3Cd': 1, 'TiAl3': 4}",1.6513871324181186
"{'Cu3Au': 5, 'Cr3Si': 6, 'PuNi3': 3, 'Fe3C': 2, 'Mg3Cd': 4, 'TiAl3': 1}",1.8434529142316898
"{'Cu3Au': 5, 'Cr3Si': 6, 'PuNi3': 3, 'Fe3C': 4, 'Mg3Cd': 1, 'TiAl3': 2}",1.6890622546058873
"{'Cu3Au': 5, 'Cr3Si': 6, 'PuNi3': 3, 'Fe3C': 4, 'Mg3Cd': 2, 'TiAl3': 1}",1.7469840400818122
"{'Cu3Au': 5, 'Cr3Si': 6, 'PuNi3': 4, 'Fe3C': 1, 'Mg3Cd': 2, 'TiAl3': 3}",1.7508044585630904
"{'Cu3Au': 5, 'Cr3Si': 6, 'PuNi3': 4, 'Fe3C': 1, 'Mg3Cd': 3, 'TiAl3': 2}",1.81268955878589
"{'Cu3Au': 5, 'Cr3Si': 6, 'PuNi3': 4, 'Fe3C': 2, 'Mg3Cd': 1, 'TiAl3': 3}",1.6862807223498373
"{'Cu3Au': 5, 'Cr3Si': 6, 'PuNi3': 4, 'Fe3C': 2, 'Mg3Cd': 3, 'TiAl3': 1}",1.825453031541294
"{'Cu3Au': 5, 'Cr3Si': 6, 'PuNi3': 4, 'Fe3C': 3, 'Mg3Cd': 1, 'TiAl3': 2}",1.6813233682647997
"{'Cu3Au': 5, 'Cr3Si': 6, 'PuNi3': 4, 'Fe3C': 3, 'Mg3Cd': 2, 'TiAl3': 1}",1.7558629681266598
"{'Cu3Au': 6, 'Cr3Si': 1, 'PuNi3': 2, 'Fe3C': 3, 'Mg3Cd': 4, 'TiAl3': 5}",1.5245753285091082
"{'Cu3Au': 6, 'Cr3Si': 1, 'PuNi3': 2, 'Fe3C': 3, 'Mg3Cd': 5, 'TiAl3': 4}",1.5418439474344396
"{'Cu3Au': 6, 'Cr3Si': 1, 'PuNi3': 2, 'Fe3C': 4, 'Mg3Cd': 3, 'TiAl3': 5}",1.5308901171699256
"{'Cu3Au': 6, 'Cr3Si': 1, 'PuNi3': 2, 'Fe3C': 4, 'Mg3Cd': 5, 'TiAl3': 3}",1.5329439217984506
"{'Cu3Au': 6, 'Cr3Si': 1, 'PuNi3': 2, 'Fe3C': 5, 'Mg3Cd': 3, 'TiAl3': 4}",1.5382143878512906
"{'Cu3Au': 6, 'Cr3Si': 1, 'PuNi3': 2, 'Fe3C': 5, 'Mg3Cd': 4, 'TiAl3': 3}",1.5369266621896085
"{'Cu3Au': 6, 'Cr3Si': 1, 'PuNi3': 3, 'Fe3C': 2, 'Mg3Cd': 4, 'TiAl3': 5}",1.457100373491053
"{'Cu3Au': 6, 'Cr3Si': 1, 'PuNi3': 3, 'Fe3C': 2, 'Mg3Cd': 5, 'TiAl3': 4}",1.4851449371517975
"{'Cu3Au': 6, 'Cr3Si': 1, 'PuNi3': 3, 'Fe3C': 4, 'Mg3Cd': 2, 'TiAl3': 5}",1.4770780830109898
"{'Cu3Au': 6, 'Cr3Si': 1, 'PuNi3': 3, 'Fe3C': 4, 'Mg3Cd': 5, 'TiAl3': 2}",1.4649824629897583
"{'Cu3Au': 6, 'Cr3Si': 1, 'PuNi3': 3, 'Fe3C': 5, 'Mg3Cd': 2, 'TiAl3': 4}",1.506488495688743
"{'Cu3Au': 6, 'Cr3Si': 1, 'PuNi3': 3, 'Fe3C': 5, 'Mg3Cd': 4, 'TiAl3': 2}",1.4909286230321068
"{'Cu3Au': 6, 'Cr3Si': 1, 'PuNi3': 4, 'Fe3C': 2, 'Mg3Cd': 3, 'TiAl3': 5}",1.3323102500909696
"{'Cu3Au': 6, 'Cr3Si': 1, 'PuNi3': 4, 'Fe3C': 2, 'Mg3Cd': 5, 'TiAl3': 3}",1.3912972123085021
"{'Cu3Au': 6, 'Cr3Si': 1, 'PuNi3': 4, 'Fe3C': 3, 'Mg3Cd': 2, 'TiAl3': 5}",1.385159360696364
"{'Cu3Au': 6, 'Cr3Si': 1, 'PuNi3': 4, 'Fe3C': 3, 'Mg3Cd': 5, 'TiAl3': 2}",1.3900087145233095
"{'Cu3Au': 6, 'Cr3Si': 1, 'PuNi3': 4, 'Fe3C': 5, 'Mg3Cd': 2, 'TiAl3': 3}",1.5000840099001487
"{'Cu3Au': 6, 'Cr3Si': 1, 'PuNi3': 4, 'Fe3C': 5, 'Mg3Cd': 3, 'TiAl3': 2}",1.4862199987563294
"{'Cu3Au': 6, 'Cr3Si': 1, 'PuNi3': 5, 'Fe3C': 2, 'Mg3Cd': 3, 'TiAl3': 4}",1.2824973005346798
"{'Cu3Au': 6, 'Cr3Si': 1, 'PuNi3': 5, 'Fe3C': 2, 'Mg3Cd': 4, 'TiAl3': 3}",1.3222391269368183
"{'Cu3Au': 6, 'Cr3Si': 1, 'PuNi3': 5, 'Fe3C': 3, 'Mg3Cd': 2, 'TiAl3': 4}",1.3752749972164466
"{'Cu3Au': 6, 'Cr3Si': 1, 'PuNi3': 5, 'Fe3C': 3, 'Mg3Cd': 4, 'TiAl3': 2}",1.3780060647514552
"{'Cu3Au': 6, 'Cr3Si': 1, 'PuNi3': 5, 'Fe3C': 4, 'Mg3Cd': 2, 'TiAl3': 3}",1.4644049947310323
"{'Cu3Au': 6, 'Cr3Si': 1, 'PuNi3': 5, 'Fe3C': 4, 'Mg3Cd': 3, 'TiAl3': 2}",1.4560556366053774
"{'Cu3Au': 6, 'Cr3Si': 2, 'PuNi3': 1, 'Fe3C': 3, 'Mg3Cd': 4, 'TiAl3': 5}",1.639607507764578
"{'Cu3Au': 6, 'Cr3Si': 2, 'PuNi3': 1, 'Fe3C': 3, 'Mg3Cd': 5, 'TiAl3': 4}",1.6519408953407715
"{'Cu3Au': 6, 'Cr3Si': 2, 'PuNi3': 1, 'Fe3C': 4, 'Mg3Cd': 3, 'TiAl3': 5}",1.6260391830929313
"{'Cu3Au': 6, 'Cr3Si': 2, 'PuNi3': 1, 'Fe3C': 4, 'Mg3Cd': 5, 'TiAl3': 3}",1.6429985146363424
"{'Cu3Au': 6, 'Cr3Si': 2, 'PuNi3': 1, 'Fe3C': 5, 'Mg3Cd': 3, 'TiAl3': 4}",1.6262878913607197
"{'Cu3Au': 6, 'Cr3Si': 2, 'PuNi3': 1, 'Fe3C': 5, 'Mg3Cd': 4, 'TiAl3': 3}",1.6338496626506875
"{'Cu3Au': 6, 'Cr3Si': 2, 'PuNi3': 3, 'Fe3C': 1, 'Mg3Cd': 4, 'TiAl3': 5}",1.5202931034519847
"{'Cu3Au': 6, 'Cr3Si': 2, 'PuNi3': 3, 'Fe3C': 1, 'Mg3Cd': 5, 'TiAl3': 4}",1.5658601470446671
"{'Cu3Au': 6, 'Cr3Si': 2, 'PuNi3': 3, 'Fe3C': 4, 'Mg3Cd': 1, 'TiAl3': 5}",1.4450939882120906
"{'Cu3Au': 6, 'Cr3Si': 2, 'PuNi3': 3, 'Fe3C': 4, 'Mg3Cd': 5, 'TiAl3': 1}",1.4888190522582607
"{'Cu3Au': 6, 'Cr3Si': 2, 'PuNi3': 3, 'Fe3C': 5, 'Mg3Cd': 1, 'TiAl3': 4}",1.4863995865285535
"{'Cu3Au': 6, 'Cr3Si': 2, 'PuNi3': 3, 'Fe3C': 5, 'Mg3Cd': 4, 'TiAl3': 1}",1.4980897760019682
"{'Cu3Au': 6, 'Cr3Si': 2, 'PuNi3': 4, 'Fe3C': 1, 'Mg3Cd': 3, 'TiAl3': 5}",1.3308143171671167
"{'Cu3Au': 6, 'Cr3Si': 2, 'PuNi3': 4, 'Fe3C': 1, 'Mg3Cd': 5, 'TiAl3': 3}",1.4692231185823788
"{'Cu3Au': 6, 'Cr3Si': 2, 'PuNi3': 4, 'Fe3C': 3, 'Mg3Cd': 1, 'TiAl3': 5}",1.3608568535446826
"{'Cu3Au': 6, 'Cr3Si': 2, 'PuNi3': 4, 'Fe3C': 3, 'Mg3Cd': 5, 'TiAl3': 1}",1.4264371408061112
"{'Cu3Au': 6, 'Cr3Si': 2, 'PuNi3': 4, 'Fe3C': 5, 'Mg3Cd': 1, 'TiAl3': 3}",1.5056338057345233
"{'Cu3Au': 6, 'Cr3Si': 2, 'PuNi3': 4, 'Fe3C': 5, 'Mg3Cd': 3, 'TiAl3': 1}",1.4987765850137589
"{'Cu3Au': 6, 'Cr3Si': 2, 'PuNi3': 5, 'Fe3C': 1, 'Mg3Cd': 3, 'TiAl3': 4}",1.3362316908360434
"{'Cu3Au': 6, 'Cr3Si': 2, 'PuNi3': 5, 'Fe3C': 1, 'Mg3Cd': 4, 'TiAl3': 3}",1.4120645537745653
"{'Cu3Au': 6, 'Cr3Si': 2, 'PuNi3': 5, 'Fe3C': 3, 'Mg3Cd': 1, 'TiAl3': 4}",1.3939249736735666
"{'Cu3Au': 6, 'Cr3Si': 2, 'PuNi3': 5, 'Fe3C': 3, 'Mg3Cd': 4, 'TiAl3': 1}",1.4146217625697082
"{'Cu3Au': 6, 'Cr3Si': 2, 'PuNi3': 5, 'Fe3C': 4, 'Mg3Cd': 1, 'TiAl3': 3}",1.4830450170129308
"{'Cu3Au': 6, 'Cr3Si': 2, 'PuNi3': 5, 'Fe3C': 4, 'Mg3Cd': 3, 'TiAl3': 1}",1.484998301326141
"{'Cu3Au': 6, 'Cr3Si': 3, 'PuNi3': 1, 'Fe3C': 2, 'Mg3Cd': 4, 'TiAl3': 5}",1.6954455989988266
"{'Cu3Au': 6, 'Cr3Si': 3, 'PuNi3': 1, 'Fe3C': 2, 'Mg3Cd': 5, 'TiAl3': 4}",1.7244025232569533
"{'Cu3Au': 6, 'Cr3Si': 3, 'PuNi3': 1, 'Fe3C': 4, 'Mg3Cd': 2, 'TiAl3': 5}",1.6720896520875574
"{'Cu3Au': 6, 'Cr3Si': 3, 'PuNi3': 1, 'Fe3C': 4, 'Mg3Cd': 5, 'TiAl3': 2}",1.7218996371514772
"{'Cu3Au': 6, 'Cr3Si': 3, 'PuNi3': 1, 'Fe3C': 5, 'Mg3Cd': 2, 'TiAl3': 4}",1.6870868134905332
"{'Cu3Au': 6, 'Cr3Si': 3, 'PuNi3': 1, 'Fe3C': 5, 'Mg3Cd': 4, 'TiAl3': 2}",1.7064352226572526
"{'Cu3Au': 6, 'Cr3Si': 3, 'PuNi3': 2, 'Fe3C': 1, 'Mg3Cd': 4, 'TiAl3': 5}",1.6621419599433196
"{'Cu3Au': 6, 'Cr3Si': 3, 'PuNi3': 2, 'Fe3C': 1, 'Mg3Cd': 5, 'TiAl3': 4}",1.7154343444499693
"{'Cu3Au': 6, 'Cr3Si': 3, 'PuNi3': 2, 'Fe3C': 4, 'Mg3Cd': 1, 'TiAl3': 5}",1.5622854034724285
"{'Cu3Au': 6, 'Cr3Si': 3, 'PuNi3': 2, 'Fe3C': 4, 'Mg3Cd': 5, 'TiAl3': 1}",1.6789799779197325
"{'Cu3Au': 6, 'Cr3Si': 3, 'PuNi3': 2, 'Fe3C': 5, 'Mg3Cd': 1, 'TiAl3': 4}",1.5909279696030407
"{'Cu3Au': 6, 'Cr3Si': 3, 'PuNi3': 2, 'Fe3C': 5, 'Mg3Cd': 4, 'TiAl3': 1}",1.6605790322005103
"{'Cu3Au': 6, 'Cr3Si': 3, 'PuNi3': 4, 'Fe3C': 1, 'Mg3Cd': 2, 'TiAl3': 5}",1.3726631675944894
"{'Cu3Au': 6, 'Cr3Si': 3, 'PuNi3': 4, 'Fe3C': 1, 'Mg3Cd': 5, 'TiAl3': 2}",1.6009819850482394
"{'Cu3Au': 6, 'Cr3Si': 3, 'PuNi3': 4, 'Fe3C': 2, 'Mg3Cd': 1, 'TiAl3': 5}",1.3459267242483421
"{'Cu3Au': 6, 'Cr3Si': 3, 'PuNi3': 4, 'Fe3C': 2, 'Mg3Cd': 5, 'TiAl3': 1}",1.5692571326147993
"{'Cu3Au': 6, 'Cr3Si': 3, 'PuNi3': 4, 'Fe3C': 5, 'Mg3Cd': 1, 'TiAl3': 2}",1.520373928057956
"{'Cu3Au': 6, 'Cr3Si': 3, 'PuNi3': 4, 'Fe3C': 5, 'Mg3Cd': 2, 'TiAl3': 1}",1.5434321599485044
"{'Cu3Au': 6, 'Cr3Si': 3, 'PuNi3': 5, 'Fe3C': 1, 'Mg3Cd': 2, 'TiAl3': 4}",1.437157823601145
"{'Cu3Au': 6, 'Cr3Si': 3, 'PuNi3': 5, 'Fe3C': 1, 'Mg3Cd': 4, 'TiAl3': 2}",1.5435256399880641
"{'Cu3Au': 6, 'Cr3Si': 3, 'PuNi3': 5, 'Fe3C': 2, 'Mg3Cd': 1, 'TiAl3': 4}",1.4077516809422255
"{'Cu3Au': 6, 'Cr3Si': 3, 'PuNi3': 5, 'Fe3C': 2, 'Mg3Cd': 4, 'TiAl3': 1}",1.5216364211764164
"{'Cu3Au': 6, 'Cr3Si': 3, 'PuNi3': 5, 'Fe3C': 4, 'Mg3Cd': 1, 'TiAl3': 2}",1.491977653488508
"{'Cu3Au': 6, 'Cr3Si': 3, 'PuNi3': 5, 'Fe3C': 4, 'Mg3Cd': 2, 'TiAl3': 1}",1.51912933895383
"{'Cu3Au': 6, 'Cr3Si': 4, 'PuNi3': 1, 'Fe3C': 2, 'Mg3Cd': 3, 'TiAl3': 5}",1.791074281901492
"{'Cu3Au': 6, 'Cr3Si': 4, 'PuNi3': 1, 'Fe3C': 2, 'Mg3Cd': 5, 'TiAl3': 3}",1.8328172600187205
"{'Cu3Au': 6, 'Cr3Si': 4, 'PuNi3': 1, 'Fe3C': 3, 'Mg3Cd': 2, 'TiAl3': 5}",1.7581471432576028
"{'Cu3Au': 6, 'Cr3Si': 4, 'PuNi3': 1, 'Fe3C': 3, 'Mg3Cd': 5, 'TiAl3': 2}",1.816470415535268
"{'Cu3Au': 6, 'Cr3Si': 4, 'PuNi3': 1, 'Fe3C': 5, 'Mg3Cd': 2, 'TiAl3': 3}",1.7819327942327265
"{'Cu3Au': 6, 'Cr3Si': 4, 'PuNi3': 1, 'Fe3C': 5, 'Mg3Cd': 3, 'TiAl3': 2}",1.796194573861196
"{'Cu3Au': 6, 'Cr3Si': 4, 'PuNi3': 2, 'Fe3C': 1, 'Mg3Cd': 3, 'TiAl3': 5}",1.757735962282928
"{'Cu3Au': 6, 'Cr3Si': 4, 'PuNi3': 2, 'Fe3C': 1, 'Mg3Cd': 5, 'TiAl3': 3}",1.8392411555416122
"{'Cu3Au': 6, 'Cr3Si': 4, 'PuNi3': 2, 'Fe3C': 3, 'Mg3Cd': 1, 'TiAl3': 5}",1.646150288460607
"{'Cu3Au': 6, 'Cr3Si': 4, 'PuNi3': 2, 'Fe3C': 3, 'Mg3Cd': 5, 'TiAl3': 1}",1.7944192576991875
"{'Cu3Au': 6, 'Cr3Si': 4, 'PuNi3': 2, 'Fe3C': 5, 'Mg3Cd': 1, 'TiAl3': 3}",1.7003724553010306
"{'Cu3Au': 6, 'Cr3Si': 4, 'PuNi3': 2, 'Fe3C': 5, 'Mg3Cd': 3, 'TiAl3': 1}",1.7801929734684867
"{'Cu3Au': 6, 'Cr3Si': 4, 'PuNi3': 3, 'Fe3C': 1, 'Mg3Cd': 2, 'TiAl3': 5}",1.604760570157464
"{'Cu3Au': 6, 'Cr3Si': 4, 'PuNi3': 3, 'Fe3C': 1, 'Mg3Cd': 5, 'TiAl3': 2}",1.7703723470296957
"{'Cu3Au': 6, 'Cr3Si': 4, 'PuNi3': 3, 'Fe3C': 2, 'Mg3Cd': 1, 'TiAl3': 5}",1.5356400817757365
"{'Cu3Au': 6, 'Cr3Si': 4, 'PuNi3': 3, 'Fe3C': 2, 'Mg3Cd': 5, 'TiAl3': 1}",1.760047950463341
"{'Cu3Au': 6, 'Cr3Si': 4, 'PuNi3': 3, 'Fe3C': 5, 'Mg3Cd': 1, 'TiAl3': 2}",1.6219555526352976
"{'Cu3Au': 6, 'Cr3Si': 4, 'PuNi3': 3, 'Fe3C': 5, 'Mg3Cd': 2, 'TiAl3': 1}",1.6862043624066334
"{'Cu3Au': 6, 'Cr3Si': 4, 'PuNi3': 5, 'Fe3C': 1, 'Mg3Cd': 2, 'TiAl3': 3}",1.5855156766671545
"{'Cu3Au': 6, 'Cr3Si': 4, 'PuNi3': 5, 'Fe3C': 1, 'Mg3Cd': 3, 'TiAl3': 2}",1.641865810009026
"{'Cu3Au': 6, 'Cr3Si': 4, 'PuNi3': 5, 'Fe3C': 2, 'Mg3Cd': 1, 'TiAl3': 3}",1.5070671962104762
"{'Cu3Au': 6, 'Cr3Si': 4, 'PuNi3': 5, 'Fe3C': 2, 'Mg3Cd': 3, 'TiAl3': 1}",1.6333510269651186
"{'Cu3Au': 6, 'Cr3Si': 4, 'PuNi3': 5, 'Fe3C': 3, 'Mg3Cd': 1, 'TiAl3': 2}",1.5098180633782967
"{'Cu3Au': 6, 'Cr3Si': 4, 'PuNi3': 5, 'Fe3C': 3, 'Mg3Cd': 2, 'TiAl3': 1}",1.5749328744832767
"{'Cu3Au': 6, 'Cr3Si': 5, 'PuNi3': 1, 'Fe3C': 2, 'Mg3Cd': 3, 'TiAl3': 4}",1.9053150517222486
"{'Cu3Au': 6, 'Cr3Si': 5, 'PuNi3': 1, 'Fe3C': 2, 'Mg3Cd': 4, 'TiAl3': 3}",1.9949060727527745
"{'Cu3Au': 6, 'Cr3Si': 5, 'PuNi3': 1, 'Fe3C': 3, 'Mg3Cd': 2, 'TiAl3': 4}",1.8307887989580938
"{'Cu3Au': 6, 'Cr3Si': 5, 'PuNi3': 1, 'Fe3C': 3, 'Mg3Cd': 4, 'TiAl3': 2}",1.9349378974240794
"{'Cu3Au': 6, 'Cr3Si': 5, 'PuNi3': 1, 'Fe3C': 4, 'Mg3Cd': 2, 'TiAl3': 3}",1.8333938869982271
"{'Cu3Au': 6, 'Cr3Si': 5, 'PuNi3': 1, 'Fe3C': 4, 'Mg3Cd': 3, 'TiAl3': 2}",1.8709047434947432
"{'Cu3Au': 6, 'Cr3Si': 5, 'PuNi3': 2, 'Fe3C': 1, 'Mg3Cd': 3, 'TiAl3': 4}",1.8265013267514478
"{'Cu3Au': 6, 'Cr3Si': 5, 'PuNi3': 2, 'Fe3C': 1, 'Mg3Cd': 4, 'TiAl3': 3}",1.9261830710811756
"{'Cu3Au': 6, 'Cr3Si': 5, 'PuNi3': 2, 'Fe3C': 3, 'Mg3Cd': 1, 'TiAl3': 4}",1.723847477939691
"{'Cu3Au': 6, 'Cr3Si': 5, 'PuNi3': 2, 'Fe3C': 3, 'Mg3Cd': 4, 'TiAl3': 1}",1.9363740588520384
"{'Cu3Au': 6, 'Cr3Si': 5, 'PuNi3': 2, 'Fe3C': 4, 'Mg3Cd': 1, 'TiAl3': 3}",1.7524761369284108
"{'Cu3Au': 6, 'Cr3Si': 5, 'PuNi3': 2, 'Fe3C': 4, 'Mg3Cd': 3, 'TiAl3': 1}",1.8781830209774204
"{'Cu3Au': 6, 'Cr3Si': 5, 'PuNi3': 3, 'Fe3C': 1, 'Mg3Cd': 2, 'TiAl3': 4}",1.676492145781883
"{'Cu3Au': 6, 'Cr3Si': 5, 'PuNi3': 3, 'Fe3C': 1, 'Mg3Cd': 4, 'TiAl3': 2}",1.8414037478509202
"{'Cu3Au': 6, 'Cr3Si': 5, 'PuNi3': 3, 'Fe3C': 2, 'Mg3Cd': 1, 'TiAl3': 4}",1.6261428881264774
"{'Cu3Au': 6, 'Cr3Si': 5, 'PuNi3': 3, 'Fe3C': 2, 'Mg3Cd': 4, 'TiAl3': 1}",1.8633933135537535
"{'Cu3Au': 6, 'Cr3Si': 5, 'PuNi3': 3, 'Fe3C': 4, 'Mg3Cd': 1, 'TiAl3': 2}",1.6976598126574258
"{'Cu3Au': 6, 'Cr3Si': 5, 'PuNi3': 3, 'Fe3C': 4, 'Mg3Cd': 2, 'TiAl3': 1}",1.7770458342837092
"{'Cu3Au': 6, 'Cr3Si': 5, 'PuNi3': 4, 'Fe3C': 1, 'Mg3Cd': 2, 'TiAl3': 3}",1.6748267282565894
"{'Cu3Au': 6, 'Cr3Si': 5, 'PuNi3': 4, 'Fe3C': 1, 'Mg3Cd': 3, 'TiAl3': 2}",1.7542894976839611
"{'Cu3Au': 6, 'Cr3Si': 5, 'PuNi3': 4, 'Fe3C': 2, 'Mg3Cd': 1, 'TiAl3': 3}",1.6021928691948621
"{'Cu3Au': 6, 'Cr3Si': 5, 'PuNi3': 4, 'Fe3C': 2, 'Mg3Cd': 3, 'TiAl3': 1}",1.7614863784593597
"{'Cu3Au': 6, 'Cr3Si': 5, 'PuNi3': 4, 'Fe3C': 3, 'Mg3Cd': 1, 'TiAl3': 2}",1.6160729927647997
"{'Cu3Au': 6, 'Cr3Si': 5, 'PuNi3': 4, 'Fe3C': 3, 'Mg3Cd': 2, 'TiAl3': 1}",1.6982790360622368
