Mapping,Macro F1
"{'Cu3Au': 1, 'Cr3Si': 2, 'PuNi3': 3, 'Fe3C': 4, 'Mg3Cd': 5, 'TiAl3': 6}",0.9325876752715693
"{'Cu3Au': 1, 'Cr3Si': 2, 'PuNi3': 3, 'Fe3C': 4, 'Mg3Cd': 6, 'TiAl3': 5}",0.9280469436160802
"{'Cu3Au': 1, 'Cr3Si': 2, 'PuNi3': 3, 'Fe3C': 5, 'Mg3Cd': 4, 'TiAl3': 6}",0.95032370573404
"{'Cu3Au': 1, 'Cr3Si': 2, 'PuNi3': 3, 'Fe3C': 5, 'Mg3Cd': 6, 'TiAl3': 4}",0.9391954350249705
"{'Cu3Au': 1, 'Cr3Si': 2, 'PuNi3': 3, 'Fe3C': 6, 'Mg3Cd': 4, 'TiAl3': 5}",0.9672611354107906
"{'Cu3Au': 1, 'Cr3Si': 2, 'PuNi3': 3, 'Fe3C': 6, 'Mg3Cd': 5, 'TiAl3': 4}",0.9584503485912313
"{'Cu3Au': 1, 'Cr3Si': 2, 'PuNi3': 4, 'Fe3C': 3, 'Mg3Cd': 5, 'TiAl3': 6}",0.9284670371954139
"{'Cu3Au': 1, 'Cr3Si': 2, 'PuNi3': 4, 'Fe3C': 3, 'Mg3Cd': 6, 'TiAl3': 5}",0.9256292798658973
"{'Cu3Au': 1, 'Cr3Si': 2, 'PuNi3': 4, 'Fe3C': 5, 'Mg3Cd': 3, 'TiAl3': 6}",0.9615488744538444
"{'Cu3Au': 1, 'Cr3Si': 2, 'PuNi3': 4, 'Fe3C': 5, 'Mg3Cd': 6, 'TiAl3': 3}",0.9536099873460225
"{'Cu3Au': 1, 'Cr3Si': 2, 'PuNi3': 4, 'Fe3C': 6, 'Mg3Cd': 3, 'TiAl3': 5}",0.9745651283873702
"{'Cu3Au': 1, 'Cr3Si': 2, 'PuNi3': 4, 'Fe3C': 6, 'Mg3Cd': 5, 'TiAl3': 3}",0.9670307113478724
"{'Cu3Au': 1, 'Cr3Si': 2, 'PuNi3': 5, 'Fe3C': 3, 'Mg3Cd': 4, 'TiAl3': 6}",0.947585707849877
"{'Cu3Au': 1, 'Cr3Si': 2, 'PuNi3': 5, 'Fe3C': 3, 'Mg3Cd': 6, 'TiAl3': 4}",0.926659377746499
"{'Cu3Au': 1, 'Cr3Si': 2, 'PuNi3': 5, 'Fe3C': 4, 'Mg3Cd': 3, 'TiAl3': 6}",0.9676759768605311
"{'Cu3Au': 1, 'Cr3Si': 2, 'PuNi3': 5, 'Fe3C': 4, 'Mg3Cd': 6, 'TiAl3': 3}",0.9531956734588332
"{'Cu3Au': 1, 'Cr3Si': 2, 'PuNi3': 5, 'Fe3C': 6, 'Mg3Cd': 3, 'TiAl3': 4}",0.989898058884263
"{'Cu3Au': 1, 'Cr3Si': 2, 'PuNi3': 5, 'Fe3C': 6, 'Mg3Cd': 4, 'TiAl3': 3}",0.9749283100660846
"{'Cu3Au': 1, 'Cr3Si': 2, 'PuNi3': 6, 'Fe3C': 3, 'Mg3Cd': 4, 'TiAl3': 5}",0.9603079862210394
"{'Cu3Au': 1, 'Cr3Si': 2, 'PuNi3': 6, 'Fe3C': 3, 'Mg3Cd': 5, 'TiAl3': 4}",0.9489781099583458
"{'Cu3Au': 1, 'Cr3Si': 2, 'PuNi3': 6, 'Fe3C': 4, 'Mg3Cd': 3, 'TiAl3': 5}",0.9659633435805569
"{'Cu3Au': 1, 'Cr3Si': 2, 'PuNi3': 6, 'Fe3C': 4, 'Mg3Cd': 5, 'TiAl3': 3}",0.9680624488392856
"{'Cu3Au': 1, 'Cr3Si': 2, 'PuNi3': 6, 'Fe3C': 5, 'Mg3Cd': 3, 'TiAl3': 4}",0.9881417948807
"{'Cu3Au': 1, 'Cr3Si': 2, 'PuNi3': 6, 'Fe3C': 5, 'Mg3Cd': 4, 'TiAl3': 3}",0.9762010848936199
"{'Cu3Au': 1, 'Cr3Si': 3, 'PuNi3': 2, 'Fe3C': 4, 'Mg3Cd': 5, 'TiAl3': 6}",0.9229571332066325
"{'Cu3Au': 1, 'Cr3Si': 3, 'PuNi3': 2, 'Fe3C': 4, 'Mg3Cd': 6, 'TiAl3': 5}",0.9077830810171333
"{'Cu3Au': 1, 'Cr3Si': 3, 'PuNi3': 2, 'Fe3C': 5, 'Mg3Cd': 4, 'TiAl3': 6}",0.9408805991860433
"{'Cu3Au': 1, 'Cr3Si': 3, 'PuNi3': 2, 'Fe3C': 5, 'Mg3Cd': 6, 'TiAl3': 4}",0.9323927149739758
"{'Cu3Au': 1, 'Cr3Si': 3, 'PuNi3': 2, 'Fe3C': 6, 'Mg3Cd': 4, 'TiAl3': 5}",0.9605818916784575
"{'Cu3Au': 1, 'Cr3Si': 3, 'PuNi3': 2, 'Fe3C': 6, 'Mg3Cd': 5, 'TiAl3': 4}",0.9488453530490003
"{'Cu3Au': 1, 'Cr3Si': 3, 'PuNi3': 4, 'Fe3C': 2, 'Mg3Cd': 5, 'TiAl3': 6}",0.9152418886450618
"{'Cu3Au': 1, 'Cr3Si': 3, 'PuNi3': 4, 'Fe3C': 2, 'Mg3Cd': 6, 'TiAl3': 5}",0.9100543591349615
"{'Cu3Au': 1, 'Cr3Si': 3, 'PuNi3': 4, 'Fe3C': 5, 'Mg3Cd': 2, 'TiAl3': 6}",0.964294192066662
"{'Cu3Au': 1, 'Cr3Si': 3, 'PuNi3': 4, 'Fe3C': 5, 'Mg3Cd': 6, 'TiAl3': 2}",0.9499025528814302
"{'Cu3Au': 1, 'Cr3Si': 3, 'PuNi3': 4, 'Fe3C': 6, 'Mg3Cd': 2, 'TiAl3': 5}",0.9771405120760317
"{'Cu3Au': 1, 'Cr3Si': 3, 'PuNi3': 4, 'Fe3C': 6, 'Mg3Cd': 5, 'TiAl3': 2}",0.9618827626030985
"{'Cu3Au': 1, 'Cr3Si': 3, 'PuNi3': 5, 'Fe3C': 2, 'Mg3Cd': 4, 'TiAl3': 6}",0.941370711774399
"{'Cu3Au': 1, 'Cr3Si': 3, 'PuNi3': 5, 'Fe3C': 2, 'Mg3Cd': 6, 'TiAl3': 4}",0.9363674881354686
"{'Cu3Au': 1, 'Cr3Si': 3, 'PuNi3': 5, 'Fe3C': 4, 'Mg3Cd': 2, 'TiAl3': 6}",0.9651755166270015
"{'Cu3Au': 1, 'Cr3Si': 3, 'PuNi3': 5, 'Fe3C': 4, 'Mg3Cd': 6, 'TiAl3': 2}",0.9677975124953361
"{'Cu3Au': 1, 'Cr3Si': 3, 'PuNi3': 5, 'Fe3C': 6, 'Mg3Cd': 2, 'TiAl3': 4}",0.9886453791202748
"{'Cu3Au': 1, 'Cr3Si': 3, 'PuNi3': 5, 'Fe3C': 6, 'Mg3Cd': 4, 'TiAl3': 2}",0.981375931240131
"{'Cu3Au': 1, 'Cr3Si': 3, 'PuNi3': 6, 'Fe3C': 2, 'Mg3Cd': 4, 'TiAl3': 5}",0.9572461749625377
"{'Cu3Au': 1, 'Cr3Si': 3, 'PuNi3': 6, 'Fe3C': 2, 'Mg3Cd': 5, 'TiAl3': 4}",0.9406526942687679
"{'Cu3Au': 1, 'Cr3Si': 3, 'PuNi3': 6, 'Fe3C': 4, 'Mg3Cd': 2, 'TiAl3': 5}",0.9632617734752563
"{'Cu3Au': 1, 'Cr3Si': 3, 'PuNi3': 6, 'Fe3C': 4, 'Mg3Cd': 5, 'TiAl3': 2}",0.9781950631072195
"{'Cu3Au': 1, 'Cr3Si': 3, 'PuNi3': 6, 'Fe3C': 5, 'Mg3Cd': 2, 'TiAl3': 4}",0.982249879545562
"{'Cu3Au': 1, 'Cr3Si': 3, 'PuNi3': 6, 'Fe3C': 5, 'Mg3Cd': 4, 'TiAl3': 2}",0.9875186123754686
"{'Cu3Au': 1, 'Cr3Si': 4, 'PuNi3': 2, 'Fe3C': 3, 'Mg3Cd': 5, 'TiAl3': 6}",0.90210709200571
"{'Cu3Au': 1, 'Cr3Si': 4, 'PuNi3': 2, 'Fe3C': 3, 'Mg3Cd': 6, 'TiAl3': 5}",0.9030533014879376
"{'Cu3Au': 1, 'Cr3Si': 4, 'PuNi3': 2, 'Fe3C': 5, 'Mg3Cd': 3, 'TiAl3': 6}",0.9332788179719368
"{'Cu3Au': 1, 'Cr3Si': 4, 'PuNi3': 2, 'Fe3C': 5, 'Mg3Cd': 6, 'TiAl3': 3}",0.938813509634215
"{'Cu3Au': 1, 'Cr3Si': 4, 'PuNi3': 2, 'Fe3C': 6, 'Mg3Cd': 3, 'TiAl3': 5}",0.966543960663901
"{'Cu3Au': 1, 'Cr3Si': 4, 'PuNi3': 2, 'Fe3C': 6, 'Mg3Cd': 5, 'TiAl3': 3}",0.9575629801875033
"{'Cu3Au': 1, 'Cr3Si': 4, 'PuNi3': 3, 'Fe3C': 2, 'Mg3Cd': 5, 'TiAl3': 6}",0.9015299533889758
"{'Cu3Au': 1, 'Cr3Si': 4, 'PuNi3': 3, 'Fe3C': 2, 'Mg3Cd': 6, 'TiAl3': 5}",0.8985805955860862
"{'Cu3Au': 1, 'Cr3Si': 4, 'PuNi3': 3, 'Fe3C': 5, 'Mg3Cd': 2, 'TiAl3': 6}",0.9397545533410138
"{'Cu3Au': 1, 'Cr3Si': 4, 'PuNi3': 3, 'Fe3C': 5, 'Mg3Cd': 6, 'TiAl3': 2}",0.9442048106020996
"{'Cu3Au': 1, 'Cr3Si': 4, 'PuNi3': 3, 'Fe3C': 6, 'Mg3Cd': 2, 'TiAl3': 5}",0.961161673449097
"{'Cu3Au': 1, 'Cr3Si': 4, 'PuNi3': 3, 'Fe3C': 6, 'Mg3Cd': 5, 'TiAl3': 2}",0.9637764711539883
"{'Cu3Au': 1, 'Cr3Si': 4, 'PuNi3': 5, 'Fe3C': 2, 'Mg3Cd': 3, 'TiAl3': 6}",0.9264487073349227
"{'Cu3Au': 1, 'Cr3Si': 4, 'PuNi3': 5, 'Fe3C': 2, 'Mg3Cd': 6, 'TiAl3': 3}",0.9237327233704633
"{'Cu3Au': 1, 'Cr3Si': 4, 'PuNi3': 5, 'Fe3C': 3, 'Mg3Cd': 2, 'TiAl3': 6}",0.9487985662829376
"{'Cu3Au': 1, 'Cr3Si': 4, 'PuNi3': 5, 'Fe3C': 3, 'Mg3Cd': 6, 'TiAl3': 2}",0.9460920436352588
"{'Cu3Au': 1, 'Cr3Si': 4, 'PuNi3': 5, 'Fe3C': 6, 'Mg3Cd': 2, 'TiAl3': 3}",0.9799252465230684
"{'Cu3Au': 1, 'Cr3Si': 4, 'PuNi3': 5, 'Fe3C': 6, 'Mg3Cd': 3, 'TiAl3': 2}",0.9757129908029084
"{'Cu3Au': 1, 'Cr3Si': 4, 'PuNi3': 6, 'Fe3C': 2, 'Mg3Cd': 3, 'TiAl3': 5}",0.949536874538209
"{'Cu3Au': 1, 'Cr3Si': 4, 'PuNi3': 6, 'Fe3C': 2, 'Mg3Cd': 5, 'TiAl3': 3}",0.938367490621244
"{'Cu3Au': 1, 'Cr3Si': 4, 'PuNi3': 6, 'Fe3C': 3, 'Mg3Cd': 2, 'TiAl3': 5}",0.962393033427516
"{'Cu3Au': 1, 'Cr3Si': 4, 'PuNi3': 6, 'Fe3C': 3, 'Mg3Cd': 5, 'TiAl3': 2}",0.9625986798530164
"{'Cu3Au': 1, 'Cr3Si': 4, 'PuNi3': 6, 'Fe3C': 5, 'Mg3Cd': 2, 'TiAl3': 3}",0.982223120705966
"{'Cu3Au': 1, 'Cr3Si': 4, 'PuNi3': 6, 'Fe3C': 5, 'Mg3Cd': 3, 'TiAl3': 2}",0.9771661017014054
"{'Cu3Au': 1, 'Cr3Si': 5, 'PuNi3': 2, 'Fe3C': 3, 'Mg3Cd': 4, 'TiAl3': 6}",0.8501764992129915
"{'Cu3Au': 1, 'Cr3Si': 5, 'PuNi3': 2, 'Fe3C': 3, 'Mg3Cd': 6, 'TiAl3': 4}",0.9032460566964969
"{'Cu3Au': 1, 'Cr3Si': 5, 'PuNi3': 2, 'Fe3C': 4, 'Mg3Cd': 3, 'TiAl3': 6}",0.8874495448177174
"{'Cu3Au': 1, 'Cr3Si': 5, 'PuNi3': 2, 'Fe3C': 4, 'Mg3Cd': 6, 'TiAl3': 3}",0.9115523272017176
"{'Cu3Au': 1, 'Cr3Si': 5, 'PuNi3': 2, 'Fe3C': 6, 'Mg3Cd': 3, 'TiAl3': 4}",0.9428510214323705
"{'Cu3Au': 1, 'Cr3Si': 5, 'PuNi3': 2, 'Fe3C': 6, 'Mg3Cd': 4, 'TiAl3': 3}",0.9555721853054027
"{'Cu3Au': 1, 'Cr3Si': 5, 'PuNi3': 3, 'Fe3C': 2, 'Mg3Cd': 4, 'TiAl3': 6}",0.8476353698383535
"{'Cu3Au': 1, 'Cr3Si': 5, 'PuNi3': 3, 'Fe3C': 2, 'Mg3Cd': 6, 'TiAl3': 4}",0.9041729126519806
"{'Cu3Au': 1, 'Cr3Si': 5, 'PuNi3': 3, 'Fe3C': 4, 'Mg3Cd': 2, 'TiAl3': 6}",0.907319707304191
"{'Cu3Au': 1, 'Cr3Si': 5, 'PuNi3': 3, 'Fe3C': 4, 'Mg3Cd': 6, 'TiAl3': 2}",0.9390014287040879
"{'Cu3Au': 1, 'Cr3Si': 5, 'PuNi3': 3, 'Fe3C': 6, 'Mg3Cd': 2, 'TiAl3': 4}",0.9407207961596143
"{'Cu3Au': 1, 'Cr3Si': 5, 'PuNi3': 3, 'Fe3C': 6, 'Mg3Cd': 4, 'TiAl3': 2}",0.9508154552664708
"{'Cu3Au': 1, 'Cr3Si': 5, 'PuNi3': 4, 'Fe3C': 2, 'Mg3Cd': 3, 'TiAl3': 6}",0.8796515558500809
"{'Cu3Au': 1, 'Cr3Si': 5, 'PuNi3': 4, 'Fe3C': 2, 'Mg3Cd': 6, 'TiAl3': 3}",0.9109659137605464
"{'Cu3Au': 1, 'Cr3Si': 5, 'PuNi3': 4, 'Fe3C': 3, 'Mg3Cd': 2, 'TiAl3': 6}",0.906164230713174
"{'Cu3Au': 1, 'Cr3Si': 5, 'PuNi3': 4, 'Fe3C': 3, 'Mg3Cd': 6, 'TiAl3': 2}",0.9393035878265782
"{'Cu3Au': 1, 'Cr3Si': 5, 'PuNi3': 4, 'Fe3C': 6, 'Mg3Cd': 2, 'TiAl3': 3}",0.9686105266920434
"{'Cu3Au': 1, 'Cr3Si': 5, 'PuNi3': 4, 'Fe3C': 6, 'Mg3Cd': 3, 'TiAl3': 2}",0.952027421909528
"{'Cu3Au': 1, 'Cr3Si': 5, 'PuNi3': 6, 'Fe3C': 2, 'Mg3Cd': 3, 'TiAl3': 4}",0.9437304877774921
"{'Cu3Au': 1, 'Cr3Si': 5, 'PuNi3': 6, 'Fe3C': 2, 'Mg3Cd': 4, 'TiAl3': 3}",0.9357302303536518
"{'Cu3Au': 1, 'Cr3Si': 5, 'PuNi3': 6, 'Fe3C': 3, 'Mg3Cd': 2, 'TiAl3': 4}",0.9478215767872299
"{'Cu3Au': 1, 'Cr3Si': 5, 'PuNi3': 6, 'Fe3C': 3, 'Mg3Cd': 4, 'TiAl3': 2}",0.9618432559864165
"{'Cu3Au': 1, 'Cr3Si': 5, 'PuNi3': 6, 'Fe3C': 4, 'Mg3Cd': 2, 'TiAl3': 3}",0.9664909354172703
"{'Cu3Au': 1, 'Cr3Si': 5, 'PuNi3': 6, 'Fe3C': 4, 'Mg3Cd': 3, 'TiAl3': 2}",0.9636505635615182
"{'Cu3Au': 1, 'Cr3Si': 6, 'PuNi3': 2, 'Fe3C': 3, 'Mg3Cd': 4, 'TiAl3': 5}",0.8121288574476756
"{'Cu3Au': 1, 'Cr3Si': 6, 'PuNi3': 2, 'Fe3C': 3, 'Mg3Cd': 5, 'TiAl3': 4}",0.8544259116561387
"{'Cu3Au': 1, 'Cr3Si': 6, 'PuNi3': 2, 'Fe3C': 4, 'Mg3Cd': 3, 'TiAl3': 5}",0.8687297356374016
"{'Cu3Au': 1, 'Cr3Si': 6, 'PuNi3': 2, 'Fe3C': 4, 'Mg3Cd': 5, 'TiAl3': 3}",0.893669915355073
"{'Cu3Au': 1, 'Cr3Si': 6, 'PuNi3': 2, 'Fe3C': 5, 'Mg3Cd': 3, 'TiAl3': 4}",0.8964691875773926
"{'Cu3Au': 1, 'Cr3Si': 6, 'PuNi3': 2, 'Fe3C': 5, 'Mg3Cd': 4, 'TiAl3': 3}",0.9262285728530247
"{'Cu3Au': 1, 'Cr3Si': 6, 'PuNi3': 3, 'Fe3C': 2, 'Mg3Cd': 4, 'TiAl3': 5}",0.8075037466024417
"{'Cu3Au': 1, 'Cr3Si': 6, 'PuNi3': 3, 'Fe3C': 2, 'Mg3Cd': 5, 'TiAl3': 4}",0.8474504860889485
"{'Cu3Au': 1, 'Cr3Si': 6, 'PuNi3': 3, 'Fe3C': 4, 'Mg3Cd': 2, 'TiAl3': 5}",0.8804625626966126
"{'Cu3Au': 1, 'Cr3Si': 6, 'PuNi3': 3, 'Fe3C': 4, 'Mg3Cd': 5, 'TiAl3': 2}",0.9219641943452709
"{'Cu3Au': 1, 'Cr3Si': 6, 'PuNi3': 3, 'Fe3C': 5, 'Mg3Cd': 2, 'TiAl3': 4}",0.902431590468117
"{'Cu3Au': 1, 'Cr3Si': 6, 'PuNi3': 3, 'Fe3C': 5, 'Mg3Cd': 4, 'TiAl3': 2}",0.9331369243479117
"{'Cu3Au': 1, 'Cr3Si': 6, 'PuNi3': 4, 'Fe3C': 2, 'Mg3Cd': 3, 'TiAl3': 5}",0.8580800363994175
"{'Cu3Au': 1, 'Cr3Si': 6, 'PuNi3': 4, 'Fe3C': 2, 'Mg3Cd': 5, 'TiAl3': 3}",0.8777702201004378
"{'Cu3Au': 1, 'Cr3Si': 6, 'PuNi3': 4, 'Fe3C': 3, 'Mg3Cd': 2, 'TiAl3': 5}",0.8898829774911348
"{'Cu3Au': 1, 'Cr3Si': 6, 'PuNi3': 4, 'Fe3C': 3, 'Mg3Cd': 5, 'TiAl3': 2}",0.9223798223894087
"{'Cu3Au': 1, 'Cr3Si': 6, 'PuNi3': 4, 'Fe3C': 5, 'Mg3Cd': 2, 'TiAl3': 3}",0.9334159060650792
"{'Cu3Au': 1, 'Cr3Si': 6, 'PuNi3': 4, 'Fe3C': 5, 'Mg3Cd': 3, 'TiAl3': 2}",0.9337464223108096
"{'Cu3Au': 1, 'Cr3Si': 6, 'PuNi3': 5, 'Fe3C': 2, 'Mg3Cd': 3, 'TiAl3': 4}",0.9170304392800115
"{'Cu3Au': 1, 'Cr3Si': 6, 'PuNi3': 5, 'Fe3C': 2, 'Mg3Cd': 4, 'TiAl3': 3}",0.8900585983549728
"{'Cu3Au': 1, 'Cr3Si': 6, 'PuNi3': 5, 'Fe3C': 3, 'Mg3Cd': 2, 'TiAl3': 4}",0.9082151463397591
"{'Cu3Au': 1, 'Cr3Si': 6, 'PuNi3': 5, 'Fe3C': 3, 'Mg3Cd': 4, 'TiAl3': 2}",0.9433161141273608
"{'Cu3Au': 1, 'Cr3Si': 6, 'PuNi3': 5, 'Fe3C': 4, 'Mg3Cd': 2, 'TiAl3': 3}",0.9376619856798724
"{'Cu3Au': 1, 'Cr3Si': 6, 'PuNi3': 5, 'Fe3C': 4, 'Mg3Cd': 3, 'TiAl3': 2}",0.9301282196705273
"{'Cu3Au': 2, 'Cr3Si': 1, 'PuNi3': 3, 'Fe3C': 4, 'Mg3Cd': 5, 'TiAl3': 6}",0.9463314018047475
"{'Cu3Au': 2, 'Cr3Si': 1, 'PuNi3': 3, 'Fe3C': 4, 'Mg3Cd': 6, 'TiAl3': 5}",0.926419564336331
"{'Cu3Au': 2, 'Cr3Si': 1, 'PuNi3': 3, 'Fe3C': 5, 'Mg3Cd': 4, 'TiAl3': 6}",0.9682974029594288
"{'Cu3Au': 2, 'Cr3Si': 1, 'PuNi3': 3, 'Fe3C': 5, 'Mg3Cd': 6, 'TiAl3': 4}",0.9571869272236788
"{'Cu3Au': 2, 'Cr3Si': 1, 'PuNi3': 3, 'Fe3C': 6, 'Mg3Cd': 4, 'TiAl3': 5}",0.9815639738340721
"{'Cu3Au': 2, 'Cr3Si': 1, 'PuNi3': 3, 'Fe3C': 6, 'Mg3Cd': 5, 'TiAl3': 4}",0.9547051889821908
"{'Cu3Au': 2, 'Cr3Si': 1, 'PuNi3': 4, 'Fe3C': 3, 'Mg3Cd': 5, 'TiAl3': 6}",0.9421018561374158
"{'Cu3Au': 2, 'Cr3Si': 1, 'PuNi3': 4, 'Fe3C': 3, 'Mg3Cd': 6, 'TiAl3': 5}",0.9258590017587505
"{'Cu3Au': 2, 'Cr3Si': 1, 'PuNi3': 4, 'Fe3C': 5, 'Mg3Cd': 3, 'TiAl3': 6}",0.9774922100927627
"{'Cu3Au': 2, 'Cr3Si': 1, 'PuNi3': 4, 'Fe3C': 5, 'Mg3Cd': 6, 'TiAl3': 3}",0.9520307937799513
"{'Cu3Au': 2, 'Cr3Si': 1, 'PuNi3': 4, 'Fe3C': 6, 'Mg3Cd': 3, 'TiAl3': 5}",0.9871732483907335
"{'Cu3Au': 2, 'Cr3Si': 1, 'PuNi3': 4, 'Fe3C': 6, 'Mg3Cd': 5, 'TiAl3': 3}",0.9474205676077556
"{'Cu3Au': 2, 'Cr3Si': 1, 'PuNi3': 5, 'Fe3C': 3, 'Mg3Cd': 4, 'TiAl3': 6}",0.9586964686413914
"{'Cu3Au': 2, 'Cr3Si': 1, 'PuNi3': 5, 'Fe3C': 3, 'Mg3Cd': 6, 'TiAl3': 4}",0.9465165605403619
"{'Cu3Au': 2, 'Cr3Si': 1, 'PuNi3': 5, 'Fe3C': 4, 'Mg3Cd': 3, 'TiAl3': 6}",0.9695739700358286
"{'Cu3Au': 2, 'Cr3Si': 1, 'PuNi3': 5, 'Fe3C': 4, 'Mg3Cd': 6, 'TiAl3': 3}",0.9569592813717164
"{'Cu3Au': 2, 'Cr3Si': 1, 'PuNi3': 5, 'Fe3C': 6, 'Mg3Cd': 3, 'TiAl3': 4}",0.9851308630317946
"{'Cu3Au': 2, 'Cr3Si': 1, 'PuNi3': 5, 'Fe3C': 6, 'Mg3Cd': 4, 'TiAl3': 3}",0.9588650145803371
"{'Cu3Au': 2, 'Cr3Si': 1, 'PuNi3': 6, 'Fe3C': 3, 'Mg3Cd': 4, 'TiAl3': 5}",0.9569852602278455
"{'Cu3Au': 2, 'Cr3Si': 1, 'PuNi3': 6, 'Fe3C': 3, 'Mg3Cd': 5, 'TiAl3': 4}",0.9568289351967211
"{'Cu3Au': 2, 'Cr3Si': 1, 'PuNi3': 6, 'Fe3C': 4, 'Mg3Cd': 3, 'TiAl3': 5}",0.9709292650270679
"{'Cu3Au': 2, 'Cr3Si': 1, 'PuNi3': 6, 'Fe3C': 4, 'Mg3Cd': 5, 'TiAl3': 3}",0.9580514856439746
"{'Cu3Au': 2, 'Cr3Si': 1, 'PuNi3': 6, 'Fe3C': 5, 'Mg3Cd': 3, 'TiAl3': 4}",0.9800137372278869
"{'Cu3Au': 2, 'Cr3Si': 1, 'PuNi3': 6, 'Fe3C': 5, 'Mg3Cd': 4, 'TiAl3': 3}",0.9693507323969944
"{'Cu3Au': 2, 'Cr3Si': 3, 'PuNi3': 1, 'Fe3C': 4, 'Mg3Cd': 5, 'TiAl3': 6}",0.9360357666698677
"{'Cu3Au': 2, 'Cr3Si': 3, 'PuNi3': 1, 'Fe3C': 4, 'Mg3Cd': 6, 'TiAl3': 5}",0.9179058235511439
"{'Cu3Au': 2, 'Cr3Si': 3, 'PuNi3': 1, 'Fe3C': 5, 'Mg3Cd': 4, 'TiAl3': 6}",0.9545460745773043
"{'Cu3Au': 2, 'Cr3Si': 3, 'PuNi3': 1, 'Fe3C': 5, 'Mg3Cd': 6, 'TiAl3': 4}",0.9480498585977205
"{'Cu3Au': 2, 'Cr3Si': 3, 'PuNi3': 1, 'Fe3C': 6, 'Mg3Cd': 4, 'TiAl3': 5}",0.9811738756593814
"{'Cu3Au': 2, 'Cr3Si': 3, 'PuNi3': 1, 'Fe3C': 6, 'Mg3Cd': 5, 'TiAl3': 4}",0.9575039769367878
"{'Cu3Au': 2, 'Cr3Si': 3, 'PuNi3': 4, 'Fe3C': 1, 'Mg3Cd': 5, 'TiAl3': 6}",0.9302243303395942
"{'Cu3Au': 2, 'Cr3Si': 3, 'PuNi3': 4, 'Fe3C': 1, 'Mg3Cd': 6, 'TiAl3': 5}",0.9342136998599725
"{'Cu3Au': 2, 'Cr3Si': 3, 'PuNi3': 4, 'Fe3C': 5, 'Mg3Cd': 1, 'TiAl3': 6}",0.9658510865177997
"{'Cu3Au': 2, 'Cr3Si': 3, 'PuNi3': 4, 'Fe3C': 5, 'Mg3Cd': 6, 'TiAl3': 1}",0.9521755211458189
"{'Cu3Au': 2, 'Cr3Si': 3, 'PuNi3': 4, 'Fe3C': 6, 'Mg3Cd': 1, 'TiAl3': 5}",0.982509973544177
"{'Cu3Au': 2, 'Cr3Si': 3, 'PuNi3': 4, 'Fe3C': 6, 'Mg3Cd': 5, 'TiAl3': 1}",0.9646252983989596
"{'Cu3Au': 2, 'Cr3Si': 3, 'PuNi3': 5, 'Fe3C': 1, 'Mg3Cd': 4, 'TiAl3': 6}",0.9510626912352095
"{'Cu3Au': 2, 'Cr3Si': 3, 'PuNi3': 5, 'Fe3C': 1, 'Mg3Cd': 6, 'TiAl3': 4}",0.9436127751620632
"{'Cu3Au': 2, 'Cr3Si': 3, 'PuNi3': 5, 'Fe3C': 4, 'Mg3Cd': 1, 'TiAl3': 6}",0.9710898320467426
"{'Cu3Au': 2, 'Cr3Si': 3, 'PuNi3': 5, 'Fe3C': 4, 'Mg3Cd': 6, 'TiAl3': 1}",0.9576900346304543
"{'Cu3Au': 2, 'Cr3Si': 3, 'PuNi3': 5, 'Fe3C': 6, 'Mg3Cd': 1, 'TiAl3': 4}",0.9839159747770685
"{'Cu3Au': 2, 'Cr3Si': 3, 'PuNi3': 5, 'Fe3C': 6, 'Mg3Cd': 4, 'TiAl3': 1}",0.9706126775309333
"{'Cu3Au': 2, 'Cr3Si': 3, 'PuNi3': 6, 'Fe3C': 1, 'Mg3Cd': 4, 'TiAl3': 5}",0.9672749578504819
"{'Cu3Au': 2, 'Cr3Si': 3, 'PuNi3': 6, 'Fe3C': 1, 'Mg3Cd': 5, 'TiAl3': 4}",0.9516163517478052
"{'Cu3Au': 2, 'Cr3Si': 3, 'PuNi3': 6, 'Fe3C': 4, 'Mg3Cd': 1, 'TiAl3': 5}",0.9717776710625722
"{'Cu3Au': 2, 'Cr3Si': 3, 'PuNi3': 6, 'Fe3C': 4, 'Mg3Cd': 5, 'TiAl3': 1}",0.9687026856691937
"{'Cu3Au': 2, 'Cr3Si': 3, 'PuNi3': 6, 'Fe3C': 5, 'Mg3Cd': 1, 'TiAl3': 4}",0.988159038691608
"{'Cu3Au': 2, 'Cr3Si': 3, 'PuNi3': 6, 'Fe3C': 5, 'Mg3Cd': 4, 'TiAl3': 1}",0.9780994687488884
"{'Cu3Au': 2, 'Cr3Si': 4, 'PuNi3': 1, 'Fe3C': 3, 'Mg3Cd': 5, 'TiAl3': 6}",0.9201126717181364
"{'Cu3Au': 2, 'Cr3Si': 4, 'PuNi3': 1, 'Fe3C': 3, 'Mg3Cd': 6, 'TiAl3': 5}",0.9162594954647334
"{'Cu3Au': 2, 'Cr3Si': 4, 'PuNi3': 1, 'Fe3C': 5, 'Mg3Cd': 3, 'TiAl3': 6}",0.9541660216511049
"{'Cu3Au': 2, 'Cr3Si': 4, 'PuNi3': 1, 'Fe3C': 5, 'Mg3Cd': 6, 'TiAl3': 3}",0.9584685148402557
"{'Cu3Au': 2, 'Cr3Si': 4, 'PuNi3': 1, 'Fe3C': 6, 'Mg3Cd': 3, 'TiAl3': 5}",0.974740307360492
"{'Cu3Au': 2, 'Cr3Si': 4, 'PuNi3': 1, 'Fe3C': 6, 'Mg3Cd': 5, 'TiAl3': 3}",0.9761800315921114
"{'Cu3Au': 2, 'Cr3Si': 4, 'PuNi3': 3, 'Fe3C': 1, 'Mg3Cd': 5, 'TiAl3': 6}",0.9157825185016725
"{'Cu3Au': 2, 'Cr3Si': 4, 'PuNi3': 3, 'Fe3C': 1, 'Mg3Cd': 6, 'TiAl3': 5}",0.923765332620539
"{'Cu3Au': 2, 'Cr3Si': 4, 'PuNi3': 3, 'Fe3C': 5, 'Mg3Cd': 1, 'TiAl3': 6}",0.9417373973479036
"{'Cu3Au': 2, 'Cr3Si': 4, 'PuNi3': 3, 'Fe3C': 5, 'Mg3Cd': 6, 'TiAl3': 1}",0.9419726786789333
"{'Cu3Au': 2, 'Cr3Si': 4, 'PuNi3': 3, 'Fe3C': 6, 'Mg3Cd': 1, 'TiAl3': 5}",0.9632988595388752
"{'Cu3Au': 2, 'Cr3Si': 4, 'PuNi3': 3, 'Fe3C': 6, 'Mg3Cd': 5, 'TiAl3': 1}",0.968091593786106
"{'Cu3Au': 2, 'Cr3Si': 4, 'PuNi3': 5, 'Fe3C': 1, 'Mg3Cd': 3, 'TiAl3': 6}",0.9434972233264657
"{'Cu3Au': 2, 'Cr3Si': 4, 'PuNi3': 5, 'Fe3C': 1, 'Mg3Cd': 6, 'TiAl3': 3}",0.9411839657558775
"{'Cu3Au': 2, 'Cr3Si': 4, 'PuNi3': 5, 'Fe3C': 3, 'Mg3Cd': 1, 'TiAl3': 6}",0.9647022188162414
"{'Cu3Au': 2, 'Cr3Si': 4, 'PuNi3': 5, 'Fe3C': 3, 'Mg3Cd': 6, 'TiAl3': 1}",0.9500088209366894
"{'Cu3Au': 2, 'Cr3Si': 4, 'PuNi3': 5, 'Fe3C': 6, 'Mg3Cd': 1, 'TiAl3': 3}",0.9716905450199872
"{'Cu3Au': 2, 'Cr3Si': 4, 'PuNi3': 5, 'Fe3C': 6, 'Mg3Cd': 3, 'TiAl3': 1}",0.9660669917833608
"{'Cu3Au': 2, 'Cr3Si': 4, 'PuNi3': 6, 'Fe3C': 1, 'Mg3Cd': 3, 'TiAl3': 5}",0.9597270639469381
"{'Cu3Au': 2, 'Cr3Si': 4, 'PuNi3': 6, 'Fe3C': 1, 'Mg3Cd': 5, 'TiAl3': 3}",0.951467747028325
"{'Cu3Au': 2, 'Cr3Si': 4, 'PuNi3': 6, 'Fe3C': 3, 'Mg3Cd': 1, 'TiAl3': 5}",0.9672987473618898
"{'Cu3Au': 2, 'Cr3Si': 4, 'PuNi3': 6, 'Fe3C': 3, 'Mg3Cd': 5, 'TiAl3': 1}",0.9780126642557471
"{'Cu3Au': 2, 'Cr3Si': 4, 'PuNi3': 6, 'Fe3C': 5, 'Mg3Cd': 1, 'TiAl3': 3}",0.9738291493591626
"{'Cu3Au': 2, 'Cr3Si': 4, 'PuNi3': 6, 'Fe3C': 5, 'Mg3Cd': 3, 'TiAl3': 1}",0.9719118237535258
"{'Cu3Au': 2, 'Cr3Si': 5, 'PuNi3': 1, 'Fe3C': 3, 'Mg3Cd': 4, 'TiAl3': 6}",0.9032987669151252
"{'Cu3Au': 2, 'Cr3Si': 5, 'PuNi3': 1, 'Fe3C': 3, 'Mg3Cd': 6, 'TiAl3': 4}",0.9238413938123592
"{'Cu3Au': 2, 'Cr3Si': 5, 'PuNi3': 1, 'Fe3C': 4, 'Mg3Cd': 3, 'TiAl3': 6}",0.9160344555822574
"{'Cu3Au': 2, 'Cr3Si': 5, 'PuNi3': 1, 'Fe3C': 4, 'Mg3Cd': 6, 'TiAl3': 3}",0.9480282881262769
"{'Cu3Au': 2, 'Cr3Si': 5, 'PuNi3': 1, 'Fe3C': 6, 'Mg3Cd': 3, 'TiAl3': 4}",0.9729772248929883
"{'Cu3Au': 2, 'Cr3Si': 5, 'PuNi3': 1, 'Fe3C': 6, 'Mg3Cd': 4, 'TiAl3': 3}",0.9677569139073977
"{'Cu3Au': 2, 'Cr3Si': 5, 'PuNi3': 3, 'Fe3C': 1, 'Mg3Cd': 4, 'TiAl3': 6}",0.890570618588372
"{'Cu3Au': 2, 'Cr3Si': 5, 'PuNi3': 3, 'Fe3C': 1, 'Mg3Cd': 6, 'TiAl3': 4}",0.9293493093589545
"{'Cu3Au': 2, 'Cr3Si': 5, 'PuNi3': 3, 'Fe3C': 4, 'Mg3Cd': 1, 'TiAl3': 6}",0.9404095002539213
"{'Cu3Au': 2, 'Cr3Si': 5, 'PuNi3': 3, 'Fe3C': 4, 'Mg3Cd': 6, 'TiAl3': 1}",0.9465201782637257
"{'Cu3Au': 2, 'Cr3Si': 5, 'PuNi3': 3, 'Fe3C': 6, 'Mg3Cd': 1, 'TiAl3': 4}",0.9557632631671641
"{'Cu3Au': 2, 'Cr3Si': 5, 'PuNi3': 3, 'Fe3C': 6, 'Mg3Cd': 4, 'TiAl3': 1}",0.9626162666872004
"{'Cu3Au': 2, 'Cr3Si': 5, 'PuNi3': 4, 'Fe3C': 1, 'Mg3Cd': 3, 'TiAl3': 6}",0.9173491979490898
"{'Cu3Au': 2, 'Cr3Si': 5, 'PuNi3': 4, 'Fe3C': 1, 'Mg3Cd': 6, 'TiAl3': 3}",0.9417254886155938
"{'Cu3Au': 2, 'Cr3Si': 5, 'PuNi3': 4, 'Fe3C': 3, 'Mg3Cd': 1, 'TiAl3': 6}",0.9436638588398337
"{'Cu3Au': 2, 'Cr3Si': 5, 'PuNi3': 4, 'Fe3C': 3, 'Mg3Cd': 6, 'TiAl3': 1}",0.9536487804722585
"{'Cu3Au': 2, 'Cr3Si': 5, 'PuNi3': 4, 'Fe3C': 6, 'Mg3Cd': 1, 'TiAl3': 3}",0.9658149307103504
"{'Cu3Au': 2, 'Cr3Si': 5, 'PuNi3': 4, 'Fe3C': 6, 'Mg3Cd': 3, 'TiAl3': 1}",0.9614844574443163
"{'Cu3Au': 2, 'Cr3Si': 5, 'PuNi3': 6, 'Fe3C': 1, 'Mg3Cd': 3, 'TiAl3': 4}",0.9612626009093383
"{'Cu3Au': 2, 'Cr3Si': 5, 'PuNi3': 6, 'Fe3C': 1, 'Mg3Cd': 4, 'TiAl3': 3}",0.9504461919695172
"{'Cu3Au': 2, 'Cr3Si': 5, 'PuNi3': 6, 'Fe3C': 3, 'Mg3Cd': 1, 'TiAl3': 4}",0.9529758526012464
"{'Cu3Au': 2, 'Cr3Si': 5, 'PuNi3': 6, 'Fe3C': 3, 'Mg3Cd': 4, 'TiAl3': 1}",0.9807277318200649
"{'Cu3Au': 2, 'Cr3Si': 5, 'PuNi3': 6, 'Fe3C': 4, 'Mg3Cd': 1, 'TiAl3': 3}",0.9710570854435453
"{'Cu3Au': 2, 'Cr3Si': 5, 'PuNi3': 6, 'Fe3C': 4, 'Mg3Cd': 3, 'TiAl3': 1}",0.9664966970060923
"{'Cu3Au': 2, 'Cr3Si': 6, 'PuNi3': 1, 'Fe3C': 3, 'Mg3Cd': 4, 'TiAl3': 5}",0.8720483679934979
"{'Cu3Au': 2, 'Cr3Si': 6, 'PuNi3': 1, 'Fe3C': 3, 'Mg3Cd': 5, 'TiAl3': 4}",0.9088572910984066
"{'Cu3Au': 2, 'Cr3Si': 6, 'PuNi3': 1, 'Fe3C': 4, 'Mg3Cd': 3, 'TiAl3': 5}",0.8862939094029304
"{'Cu3Au': 2, 'Cr3Si': 6, 'PuNi3': 1, 'Fe3C': 4, 'Mg3Cd': 5, 'TiAl3': 3}",0.9536046914121837
"{'Cu3Au': 2, 'Cr3Si': 6, 'PuNi3': 1, 'Fe3C': 5, 'Mg3Cd': 3, 'TiAl3': 4}",0.9178773888239498
"{'Cu3Au': 2, 'Cr3Si': 6, 'PuNi3': 1, 'Fe3C': 5, 'Mg3Cd': 4, 'TiAl3': 3}",0.9433054863904363
"{'Cu3Au': 2, 'Cr3Si': 6, 'PuNi3': 3, 'Fe3C': 1, 'Mg3Cd': 4, 'TiAl3': 5}",0.8654309658866485
"{'Cu3Au': 2, 'Cr3Si': 6, 'PuNi3': 3, 'Fe3C': 1, 'Mg3Cd': 5, 'TiAl3': 4}",0.9029190445602536
"{'Cu3Au': 2, 'Cr3Si': 6, 'PuNi3': 3, 'Fe3C': 4, 'Mg3Cd': 1, 'TiAl3': 5}",0.9142982871344848
"{'Cu3Au': 2, 'Cr3Si': 6, 'PuNi3': 3, 'Fe3C': 4, 'Mg3Cd': 5, 'TiAl3': 1}",0.9507553030739592
"{'Cu3Au': 2, 'Cr3Si': 6, 'PuNi3': 3, 'Fe3C': 5, 'Mg3Cd': 1, 'TiAl3': 4}",0.9330456777332362
"{'Cu3Au': 2, 'Cr3Si': 6, 'PuNi3': 3, 'Fe3C': 5, 'Mg3Cd': 4, 'TiAl3': 1}",0.95128316222068
"{'Cu3Au': 2, 'Cr3Si': 6, 'PuNi3': 4, 'Fe3C': 1, 'Mg3Cd': 3, 'TiAl3': 5}",0.8914761502834159
"{'Cu3Au': 2, 'Cr3Si': 6, 'PuNi3': 4, 'Fe3C': 1, 'Mg3Cd': 5, 'TiAl3': 3}",0.9235922376021226
"{'Cu3Au': 2, 'Cr3Si': 6, 'PuNi3': 4, 'Fe3C': 3, 'Mg3Cd': 1, 'TiAl3': 5}",0.9231204993722546
"{'Cu3Au': 2, 'Cr3Si': 6, 'PuNi3': 4, 'Fe3C': 3, 'Mg3Cd': 5, 'TiAl3': 1}",0.954846704361349
"{'Cu3Au': 2, 'Cr3Si': 6, 'PuNi3': 4, 'Fe3C': 5, 'Mg3Cd': 1, 'TiAl3': 3}",0.9470209461235511
"{'Cu3Au': 2, 'Cr3Si': 6, 'PuNi3': 4, 'Fe3C': 5, 'Mg3Cd': 3, 'TiAl3': 1}",0.9511635224975196
"{'Cu3Au': 2, 'Cr3Si': 6, 'PuNi3': 5, 'Fe3C': 1, 'Mg3Cd': 3, 'TiAl3': 4}",0.9409623444589091
"{'Cu3Au': 2, 'Cr3Si': 6, 'PuNi3': 5, 'Fe3C': 1, 'Mg3Cd': 4, 'TiAl3': 3}",0.911039351510639
"{'Cu3Au': 2, 'Cr3Si': 6, 'PuNi3': 5, 'Fe3C': 3, 'Mg3Cd': 1, 'TiAl3': 4}",0.922262100447226
"{'Cu3Au': 2, 'Cr3Si': 6, 'PuNi3': 5, 'Fe3C': 3, 'Mg3Cd': 4, 'TiAl3': 1}",0.9621493757857741
"{'Cu3Au': 2, 'Cr3Si': 6, 'PuNi3': 5, 'Fe3C': 4, 'Mg3Cd': 1, 'TiAl3': 3}",0.9572585616479795
"{'Cu3Au': 2, 'Cr3Si': 6, 'PuNi3': 5, 'Fe3C': 4, 'Mg3Cd': 3, 'TiAl3': 1}",0.9553251564650721
"{'Cu3Au': 3, 'Cr3Si': 1, 'PuNi3': 2, 'Fe3C': 4, 'Mg3Cd': 5, 'TiAl3': 6}",0.9575628502487904
"{'Cu3Au': 3, 'Cr3Si': 1, 'PuNi3': 2, 'Fe3C': 4, 'Mg3Cd': 6, 'TiAl3': 5}",0.9327136546002639
"{'Cu3Au': 3, 'Cr3Si': 1, 'PuNi3': 2, 'Fe3C': 5, 'Mg3Cd': 4, 'TiAl3': 6}",0.9744298824415948
"{'Cu3Au': 3, 'Cr3Si': 1, 'PuNi3': 2, 'Fe3C': 5, 'Mg3Cd': 6, 'TiAl3': 4}",0.9562628090829978
"{'Cu3Au': 3, 'Cr3Si': 1, 'PuNi3': 2, 'Fe3C': 6, 'Mg3Cd': 4, 'TiAl3': 5}",0.9768497908933048
"{'Cu3Au': 3, 'Cr3Si': 1, 'PuNi3': 2, 'Fe3C': 6, 'Mg3Cd': 5, 'TiAl3': 4}",0.9436790345252719
"{'Cu3Au': 3, 'Cr3Si': 1, 'PuNi3': 4, 'Fe3C': 2, 'Mg3Cd': 5, 'TiAl3': 6}",0.9385307116843608
"{'Cu3Au': 3, 'Cr3Si': 1, 'PuNi3': 4, 'Fe3C': 2, 'Mg3Cd': 6, 'TiAl3': 5}",0.9268609469894349
"{'Cu3Au': 3, 'Cr3Si': 1, 'PuNi3': 4, 'Fe3C': 5, 'Mg3Cd': 2, 'TiAl3': 6}",0.9763575287231486
"{'Cu3Au': 3, 'Cr3Si': 1, 'PuNi3': 4, 'Fe3C': 5, 'Mg3Cd': 6, 'TiAl3': 2}",0.9346642132447385
"{'Cu3Au': 3, 'Cr3Si': 1, 'PuNi3': 4, 'Fe3C': 6, 'Mg3Cd': 2, 'TiAl3': 5}",0.983404866444476
"{'Cu3Au': 3, 'Cr3Si': 1, 'PuNi3': 4, 'Fe3C': 6, 'Mg3Cd': 5, 'TiAl3': 2}",0.9272131243800662
"{'Cu3Au': 3, 'Cr3Si': 1, 'PuNi3': 5, 'Fe3C': 2, 'Mg3Cd': 4, 'TiAl3': 6}",0.9595050604624911
"{'Cu3Au': 3, 'Cr3Si': 1, 'PuNi3': 5, 'Fe3C': 2, 'Mg3Cd': 6, 'TiAl3': 4}",0.9464310597374513
"{'Cu3Au': 3, 'Cr3Si': 1, 'PuNi3': 5, 'Fe3C': 4, 'Mg3Cd': 2, 'TiAl3': 6}",0.9677412671003802
"{'Cu3Au': 3, 'Cr3Si': 1, 'PuNi3': 5, 'Fe3C': 4, 'Mg3Cd': 6, 'TiAl3': 2}",0.9319692361847965
"{'Cu3Au': 3, 'Cr3Si': 1, 'PuNi3': 5, 'Fe3C': 6, 'Mg3Cd': 2, 'TiAl3': 4}",0.97411835086015
"{'Cu3Au': 3, 'Cr3Si': 1, 'PuNi3': 5, 'Fe3C': 6, 'Mg3Cd': 4, 'TiAl3': 2}",0.9434614142066954
"{'Cu3Au': 3, 'Cr3Si': 1, 'PuNi3': 6, 'Fe3C': 2, 'Mg3Cd': 4, 'TiAl3': 5}",0.9521208661513861
"{'Cu3Au': 3, 'Cr3Si': 1, 'PuNi3': 6, 'Fe3C': 2, 'Mg3Cd': 5, 'TiAl3': 4}",0.9568766049089187
"{'Cu3Au': 3, 'Cr3Si': 1, 'PuNi3': 6, 'Fe3C': 4, 'Mg3Cd': 2, 'TiAl3': 5}",0.9747632403228756
"{'Cu3Au': 3, 'Cr3Si': 1, 'PuNi3': 6, 'Fe3C': 4, 'Mg3Cd': 5, 'TiAl3': 2}",0.929593153795189
"{'Cu3Au': 3, 'Cr3Si': 1, 'PuNi3': 6, 'Fe3C': 5, 'Mg3Cd': 2, 'TiAl3': 4}",0.9824523047308406
"{'Cu3Au': 3, 'Cr3Si': 1, 'PuNi3': 6, 'Fe3C': 5, 'Mg3Cd': 4, 'TiAl3': 2}",0.9426674176614429
"{'Cu3Au': 3, 'Cr3Si': 2, 'PuNi3': 1, 'Fe3C': 4, 'Mg3Cd': 5, 'TiAl3': 6}",0.953228969094969
"{'Cu3Au': 3, 'Cr3Si': 2, 'PuNi3': 1, 'Fe3C': 4, 'Mg3Cd': 6, 'TiAl3': 5}",0.9459367389329602
"{'Cu3Au': 3, 'Cr3Si': 2, 'PuNi3': 1, 'Fe3C': 5, 'Mg3Cd': 4, 'TiAl3': 6}",0.9649384036694709
"{'Cu3Au': 3, 'Cr3Si': 2, 'PuNi3': 1, 'Fe3C': 5, 'Mg3Cd': 6, 'TiAl3': 4}",0.9682125930013027
"{'Cu3Au': 3, 'Cr3Si': 2, 'PuNi3': 1, 'Fe3C': 6, 'Mg3Cd': 4, 'TiAl3': 5}",0.9851128230079417
"{'Cu3Au': 3, 'Cr3Si': 2, 'PuNi3': 1, 'Fe3C': 6, 'Mg3Cd': 5, 'TiAl3': 4}",0.9617321569473809
"{'Cu3Au': 3, 'Cr3Si': 2, 'PuNi3': 4, 'Fe3C': 1, 'Mg3Cd': 5, 'TiAl3': 6}",0.9370422015128929
"{'Cu3Au': 3, 'Cr3Si': 2, 'PuNi3': 4, 'Fe3C': 1, 'Mg3Cd': 6, 'TiAl3': 5}",0.9401522528786558
"{'Cu3Au': 3, 'Cr3Si': 2, 'PuNi3': 4, 'Fe3C': 5, 'Mg3Cd': 1, 'TiAl3': 6}",0.9659343630107174
"{'Cu3Au': 3, 'Cr3Si': 2, 'PuNi3': 4, 'Fe3C': 5, 'Mg3Cd': 6, 'TiAl3': 1}",0.953601879608439
"{'Cu3Au': 3, 'Cr3Si': 2, 'PuNi3': 4, 'Fe3C': 6, 'Mg3Cd': 1, 'TiAl3': 5}",0.9722924930196569
"{'Cu3Au': 3, 'Cr3Si': 2, 'PuNi3': 4, 'Fe3C': 6, 'Mg3Cd': 5, 'TiAl3': 1}",0.9453210362851033
"{'Cu3Au': 3, 'Cr3Si': 2, 'PuNi3': 5, 'Fe3C': 1, 'Mg3Cd': 4, 'TiAl3': 6}",0.9580669221129018
"{'Cu3Au': 3, 'Cr3Si': 2, 'PuNi3': 5, 'Fe3C': 1, 'Mg3Cd': 6, 'TiAl3': 4}",0.9500006043851775
"{'Cu3Au': 3, 'Cr3Si': 2, 'PuNi3': 5, 'Fe3C': 4, 'Mg3Cd': 1, 'TiAl3': 6}",0.9591719223082701
"{'Cu3Au': 3, 'Cr3Si': 2, 'PuNi3': 5, 'Fe3C': 4, 'Mg3Cd': 6, 'TiAl3': 1}",0.9431166253828301
"{'Cu3Au': 3, 'Cr3Si': 2, 'PuNi3': 5, 'Fe3C': 6, 'Mg3Cd': 1, 'TiAl3': 4}",0.9635379566522696
"{'Cu3Au': 3, 'Cr3Si': 2, 'PuNi3': 5, 'Fe3C': 6, 'Mg3Cd': 4, 'TiAl3': 1}",0.9560905951258171
"{'Cu3Au': 3, 'Cr3Si': 2, 'PuNi3': 6, 'Fe3C': 1, 'Mg3Cd': 4, 'TiAl3': 5}",0.9608110311857998
"{'Cu3Au': 3, 'Cr3Si': 2, 'PuNi3': 6, 'Fe3C': 1, 'Mg3Cd': 5, 'TiAl3': 4}",0.9540552677388229
"{'Cu3Au': 3, 'Cr3Si': 2, 'PuNi3': 6, 'Fe3C': 4, 'Mg3Cd': 1, 'TiAl3': 5}",0.9631559306028955
"{'Cu3Au': 3, 'Cr3Si': 2, 'PuNi3': 6, 'Fe3C': 4, 'Mg3Cd': 5, 'TiAl3': 1}",0.9433405289098095
"{'Cu3Au': 3, 'Cr3Si': 2, 'PuNi3': 6, 'Fe3C': 5, 'Mg3Cd': 1, 'TiAl3': 4}",0.9694359827553279
"{'Cu3Au': 3, 'Cr3Si': 2, 'PuNi3': 6, 'Fe3C': 5, 'Mg3Cd': 4, 'TiAl3': 1}",0.9554353519427261
"{'Cu3Au': 3, 'Cr3Si': 4, 'PuNi3': 1, 'Fe3C': 2, 'Mg3Cd': 5, 'TiAl3': 6}",0.9344088375791165
"{'Cu3Au': 3, 'Cr3Si': 4, 'PuNi3': 1, 'Fe3C': 2, 'Mg3Cd': 6, 'TiAl3': 5}",0.9272752437221253
"{'Cu3Au': 3, 'Cr3Si': 4, 'PuNi3': 1, 'Fe3C': 5, 'Mg3Cd': 2, 'TiAl3': 6}",0.9573224447286478
"{'Cu3Au': 3, 'Cr3Si': 4, 'PuNi3': 1, 'Fe3C': 5, 'Mg3Cd': 6, 'TiAl3': 2}",0.9502793232601694
"{'Cu3Au': 3, 'Cr3Si': 4, 'PuNi3': 1, 'Fe3C': 6, 'Mg3Cd': 2, 'TiAl3': 5}",0.9824146231930064
"{'Cu3Au': 3, 'Cr3Si': 4, 'PuNi3': 1, 'Fe3C': 6, 'Mg3Cd': 5, 'TiAl3': 2}",0.9672485379136656
"{'Cu3Au': 3, 'Cr3Si': 4, 'PuNi3': 2, 'Fe3C': 1, 'Mg3Cd': 5, 'TiAl3': 6}",0.9266188586602137
"{'Cu3Au': 3, 'Cr3Si': 4, 'PuNi3': 2, 'Fe3C': 1, 'Mg3Cd': 6, 'TiAl3': 5}",0.9348525398163338
"{'Cu3Au': 3, 'Cr3Si': 4, 'PuNi3': 2, 'Fe3C': 5, 'Mg3Cd': 1, 'TiAl3': 6}",0.9386440656526887
"{'Cu3Au': 3, 'Cr3Si': 4, 'PuNi3': 2, 'Fe3C': 5, 'Mg3Cd': 6, 'TiAl3': 1}",0.951606109743626
"{'Cu3Au': 3, 'Cr3Si': 4, 'PuNi3': 2, 'Fe3C': 6, 'Mg3Cd': 1, 'TiAl3': 5}",0.9745852576779922
"{'Cu3Au': 3, 'Cr3Si': 4, 'PuNi3': 2, 'Fe3C': 6, 'Mg3Cd': 5, 'TiAl3': 1}",0.9656117656562656
"{'Cu3Au': 3, 'Cr3Si': 4, 'PuNi3': 5, 'Fe3C': 1, 'Mg3Cd': 2, 'TiAl3': 6}",0.9548692087401247
"{'Cu3Au': 3, 'Cr3Si': 4, 'PuNi3': 5, 'Fe3C': 1, 'Mg3Cd': 6, 'TiAl3': 2}",0.9712295385713223
"{'Cu3Au': 3, 'Cr3Si': 4, 'PuNi3': 5, 'Fe3C': 2, 'Mg3Cd': 1, 'TiAl3': 6}",0.9658769920887051
"{'Cu3Au': 3, 'Cr3Si': 4, 'PuNi3': 5, 'Fe3C': 2, 'Mg3Cd': 6, 'TiAl3': 1}",0.9596591583200439
"{'Cu3Au': 3, 'Cr3Si': 4, 'PuNi3': 5, 'Fe3C': 6, 'Mg3Cd': 1, 'TiAl3': 2}",0.9449185935515333
"{'Cu3Au': 3, 'Cr3Si': 4, 'PuNi3': 5, 'Fe3C': 6, 'Mg3Cd': 2, 'TiAl3': 1}",0.946644005993165
"{'Cu3Au': 3, 'Cr3Si': 4, 'PuNi3': 6, 'Fe3C': 1, 'Mg3Cd': 2, 'TiAl3': 5}",0.9589684006527041
"{'Cu3Au': 3, 'Cr3Si': 4, 'PuNi3': 6, 'Fe3C': 1, 'Mg3Cd': 5, 'TiAl3': 2}",0.9828326031184841
"{'Cu3Au': 3, 'Cr3Si': 4, 'PuNi3': 6, 'Fe3C': 2, 'Mg3Cd': 1, 'TiAl3': 5}",0.9628997437245443
"{'Cu3Au': 3, 'Cr3Si': 4, 'PuNi3': 6, 'Fe3C': 2, 'Mg3Cd': 5, 'TiAl3': 1}",0.9841058680384376
"{'Cu3Au': 3, 'Cr3Si': 4, 'PuNi3': 6, 'Fe3C': 5, 'Mg3Cd': 1, 'TiAl3': 2}",0.945109730330075
"{'Cu3Au': 3, 'Cr3Si': 4, 'PuNi3': 6, 'Fe3C': 5, 'Mg3Cd': 2, 'TiAl3': 1}",0.9544920050362465
"{'Cu3Au': 3, 'Cr3Si': 5, 'PuNi3': 1, 'Fe3C': 2, 'Mg3Cd': 4, 'TiAl3': 6}",0.9315556566537069
"{'Cu3Au': 3, 'Cr3Si': 5, 'PuNi3': 1, 'Fe3C': 2, 'Mg3Cd': 6, 'TiAl3': 4}",0.9408342589708881
"{'Cu3Au': 3, 'Cr3Si': 5, 'PuNi3': 1, 'Fe3C': 4, 'Mg3Cd': 2, 'TiAl3': 6}",0.9435868883483668
"{'Cu3Au': 3, 'Cr3Si': 5, 'PuNi3': 1, 'Fe3C': 4, 'Mg3Cd': 6, 'TiAl3': 2}",0.9482208510259155
"{'Cu3Au': 3, 'Cr3Si': 5, 'PuNi3': 1, 'Fe3C': 6, 'Mg3Cd': 2, 'TiAl3': 4}",0.9793204733635239
"{'Cu3Au': 3, 'Cr3Si': 5, 'PuNi3': 1, 'Fe3C': 6, 'Mg3Cd': 4, 'TiAl3': 2}",0.9698755214804416
"{'Cu3Au': 3, 'Cr3Si': 5, 'PuNi3': 2, 'Fe3C': 1, 'Mg3Cd': 4, 'TiAl3': 6}",0.9227096653268886
"{'Cu3Au': 3, 'Cr3Si': 5, 'PuNi3': 2, 'Fe3C': 1, 'Mg3Cd': 6, 'TiAl3': 4}",0.9425421106457255
"{'Cu3Au': 3, 'Cr3Si': 5, 'PuNi3': 2, 'Fe3C': 4, 'Mg3Cd': 1, 'TiAl3': 6}",0.939768846047604
"{'Cu3Au': 3, 'Cr3Si': 5, 'PuNi3': 2, 'Fe3C': 4, 'Mg3Cd': 6, 'TiAl3': 1}",0.947195688065502
"{'Cu3Au': 3, 'Cr3Si': 5, 'PuNi3': 2, 'Fe3C': 6, 'Mg3Cd': 1, 'TiAl3': 4}",0.9601961920721699
"{'Cu3Au': 3, 'Cr3Si': 5, 'PuNi3': 2, 'Fe3C': 6, 'Mg3Cd': 4, 'TiAl3': 1}",0.9643900055568985
"{'Cu3Au': 3, 'Cr3Si': 5, 'PuNi3': 4, 'Fe3C': 1, 'Mg3Cd': 2, 'TiAl3': 6}",0.942784861907417
"{'Cu3Au': 3, 'Cr3Si': 5, 'PuNi3': 4, 'Fe3C': 1, 'Mg3Cd': 6, 'TiAl3': 2}",0.9581217306341298
"{'Cu3Au': 3, 'Cr3Si': 5, 'PuNi3': 4, 'Fe3C': 2, 'Mg3Cd': 1, 'TiAl3': 6}",0.9442588987899926
"{'Cu3Au': 3, 'Cr3Si': 5, 'PuNi3': 4, 'Fe3C': 2, 'Mg3Cd': 6, 'TiAl3': 1}",0.9534767758589826
"{'Cu3Au': 3, 'Cr3Si': 5, 'PuNi3': 4, 'Fe3C': 6, 'Mg3Cd': 1, 'TiAl3': 2}",0.9445278727564347
"{'Cu3Au': 3, 'Cr3Si': 5, 'PuNi3': 4, 'Fe3C': 6, 'Mg3Cd': 2, 'TiAl3': 1}",0.9505476317314612
"{'Cu3Au': 3, 'Cr3Si': 5, 'PuNi3': 6, 'Fe3C': 1, 'Mg3Cd': 2, 'TiAl3': 4}",0.955141029905529
"{'Cu3Au': 3, 'Cr3Si': 5, 'PuNi3': 6, 'Fe3C': 1, 'Mg3Cd': 4, 'TiAl3': 2}",0.9906074296385099
"{'Cu3Au': 3, 'Cr3Si': 5, 'PuNi3': 6, 'Fe3C': 2, 'Mg3Cd': 1, 'TiAl3': 4}",0.9633804787702595
"{'Cu3Au': 3, 'Cr3Si': 5, 'PuNi3': 6, 'Fe3C': 2, 'Mg3Cd': 4, 'TiAl3': 1}",0.9806869938025481
"{'Cu3Au': 3, 'Cr3Si': 5, 'PuNi3': 6, 'Fe3C': 4, 'Mg3Cd': 1, 'TiAl3': 2}",0.9440866237490603
"{'Cu3Au': 3, 'Cr3Si': 5, 'PuNi3': 6, 'Fe3C': 4, 'Mg3Cd': 2, 'TiAl3': 1}",0.9607440342567339
"{'Cu3Au': 3, 'Cr3Si': 6, 'PuNi3': 1, 'Fe3C': 2, 'Mg3Cd': 4, 'TiAl3': 5}",0.9132267707730898
"{'Cu3Au': 3, 'Cr3Si': 6, 'PuNi3': 1, 'Fe3C': 2, 'Mg3Cd': 5, 'TiAl3': 4}",0.9309808510126641
"{'Cu3Au': 3, 'Cr3Si': 6, 'PuNi3': 1, 'Fe3C': 4, 'Mg3Cd': 2, 'TiAl3': 5}",0.9082912605515809
"{'Cu3Au': 3, 'Cr3Si': 6, 'PuNi3': 1, 'Fe3C': 4, 'Mg3Cd': 5, 'TiAl3': 2}",0.9538177554883415
"{'Cu3Au': 3, 'Cr3Si': 6, 'PuNi3': 1, 'Fe3C': 5, 'Mg3Cd': 2, 'TiAl3': 4}",0.9431677903277912
"{'Cu3Au': 3, 'Cr3Si': 6, 'PuNi3': 1, 'Fe3C': 5, 'Mg3Cd': 4, 'TiAl3': 2}",0.9539130921141603
"{'Cu3Au': 3, 'Cr3Si': 6, 'PuNi3': 2, 'Fe3C': 1, 'Mg3Cd': 4, 'TiAl3': 5}",0.9050073013705493
"{'Cu3Au': 3, 'Cr3Si': 6, 'PuNi3': 2, 'Fe3C': 1, 'Mg3Cd': 5, 'TiAl3': 4}",0.9304434058054362
"{'Cu3Au': 3, 'Cr3Si': 6, 'PuNi3': 2, 'Fe3C': 4, 'Mg3Cd': 1, 'TiAl3': 5}",0.9235052308797331
"{'Cu3Au': 3, 'Cr3Si': 6, 'PuNi3': 2, 'Fe3C': 4, 'Mg3Cd': 5, 'TiAl3': 1}",0.9591335801827158
"{'Cu3Au': 3, 'Cr3Si': 6, 'PuNi3': 2, 'Fe3C': 5, 'Mg3Cd': 1, 'TiAl3': 4}",0.9414765066807588
"{'Cu3Au': 3, 'Cr3Si': 6, 'PuNi3': 2, 'Fe3C': 5, 'Mg3Cd': 4, 'TiAl3': 1}",0.9525965055363632
"{'Cu3Au': 3, 'Cr3Si': 6, 'PuNi3': 4, 'Fe3C': 1, 'Mg3Cd': 2, 'TiAl3': 5}",0.9278361313789256
"{'Cu3Au': 3, 'Cr3Si': 6, 'PuNi3': 4, 'Fe3C': 1, 'Mg3Cd': 5, 'TiAl3': 2}",0.9707783795250218
"{'Cu3Au': 3, 'Cr3Si': 6, 'PuNi3': 4, 'Fe3C': 2, 'Mg3Cd': 1, 'TiAl3': 5}",0.9365004003788574
"{'Cu3Au': 3, 'Cr3Si': 6, 'PuNi3': 4, 'Fe3C': 2, 'Mg3Cd': 5, 'TiAl3': 1}",0.9724923731260646
"{'Cu3Au': 3, 'Cr3Si': 6, 'PuNi3': 4, 'Fe3C': 5, 'Mg3Cd': 1, 'TiAl3': 2}",0.91488176028833
"{'Cu3Au': 3, 'Cr3Si': 6, 'PuNi3': 4, 'Fe3C': 5, 'Mg3Cd': 2, 'TiAl3': 1}",0.950084529740202
"{'Cu3Au': 3, 'Cr3Si': 6, 'PuNi3': 5, 'Fe3C': 1, 'Mg3Cd': 2, 'TiAl3': 4}",0.9434994282030101
"{'Cu3Au': 3, 'Cr3Si': 6, 'PuNi3': 5, 'Fe3C': 1, 'Mg3Cd': 4, 'TiAl3': 2}",0.966552343674948
"{'Cu3Au': 3, 'Cr3Si': 6, 'PuNi3': 5, 'Fe3C': 2, 'Mg3Cd': 1, 'TiAl3': 4}",0.9409157716360941
"{'Cu3Au': 3, 'Cr3Si': 6, 'PuNi3': 5, 'Fe3C': 2, 'Mg3Cd': 4, 'TiAl3': 1}",0.96510948548458
"{'Cu3Au': 3, 'Cr3Si': 6, 'PuNi3': 5, 'Fe3C': 4, 'Mg3Cd': 1, 'TiAl3': 2}",0.9222607747621053
"{'Cu3Au': 3, 'Cr3Si': 6, 'PuNi3': 5, 'Fe3C': 4, 'Mg3Cd': 2, 'TiAl3': 1}",0.9574615892521021
"{'Cu3Au': 4, 'Cr3Si': 1, 'PuNi3': 2, 'Fe3C': 3, 'Mg3Cd': 5, 'TiAl3': 6}",0.9574615892521021
"{'Cu3Au': 4, 'Cr3Si': 1, 'PuNi3': 2, 'Fe3C': 3, 'Mg3Cd': 6, 'TiAl3': 5}",0.9222607747621056
"{'Cu3Au': 4, 'Cr3Si': 1, 'PuNi3': 2, 'Fe3C': 5, 'Mg3Cd': 3, 'TiAl3': 6}",0.9651094854845798
"{'Cu3Au': 4, 'Cr3Si': 1, 'PuNi3': 2, 'Fe3C': 5, 'Mg3Cd': 6, 'TiAl3': 3}",0.9409157716360942
"{'Cu3Au': 4, 'Cr3Si': 1, 'PuNi3': 2, 'Fe3C': 6, 'Mg3Cd': 3, 'TiAl3': 5}",0.966552343674948
"{'Cu3Au': 4, 'Cr3Si': 1, 'PuNi3': 2, 'Fe3C': 6, 'Mg3Cd': 5, 'TiAl3': 3}",0.9434994282030101
"{'Cu3Au': 4, 'Cr3Si': 1, 'PuNi3': 3, 'Fe3C': 2, 'Mg3Cd': 5, 'TiAl3': 6}",0.950084529740202
"{'Cu3Au': 4, 'Cr3Si': 1, 'PuNi3': 3, 'Fe3C': 2, 'Mg3Cd': 6, 'TiAl3': 5}",0.9148817602883302
"{'Cu3Au': 4, 'Cr3Si': 1, 'PuNi3': 3, 'Fe3C': 5, 'Mg3Cd': 2, 'TiAl3': 6}",0.9724923731260646
"{'Cu3Au': 4, 'Cr3Si': 1, 'PuNi3': 3, 'Fe3C': 5, 'Mg3Cd': 6, 'TiAl3': 2}",0.9365004003788573
"{'Cu3Au': 4, 'Cr3Si': 1, 'PuNi3': 3, 'Fe3C': 6, 'Mg3Cd': 2, 'TiAl3': 5}",0.9707783795250218
"{'Cu3Au': 4, 'Cr3Si': 1, 'PuNi3': 3, 'Fe3C': 6, 'Mg3Cd': 5, 'TiAl3': 2}",0.9278361313789256
"{'Cu3Au': 4, 'Cr3Si': 1, 'PuNi3': 5, 'Fe3C': 2, 'Mg3Cd': 3, 'TiAl3': 6}",0.9525965055363632
"{'Cu3Au': 4, 'Cr3Si': 1, 'PuNi3': 5, 'Fe3C': 2, 'Mg3Cd': 6, 'TiAl3': 3}",0.9414765066807589
"{'Cu3Au': 4, 'Cr3Si': 1, 'PuNi3': 5, 'Fe3C': 3, 'Mg3Cd': 2, 'TiAl3': 6}",0.9591335801827158
"{'Cu3Au': 4, 'Cr3Si': 1, 'PuNi3': 5, 'Fe3C': 3, 'Mg3Cd': 6, 'TiAl3': 2}",0.923505230879733
"{'Cu3Au': 4, 'Cr3Si': 1, 'PuNi3': 5, 'Fe3C': 6, 'Mg3Cd': 2, 'TiAl3': 3}",0.9304434058054363
"{'Cu3Au': 4, 'Cr3Si': 1, 'PuNi3': 5, 'Fe3C': 6, 'Mg3Cd': 3, 'TiAl3': 2}",0.9050073013705494
"{'Cu3Au': 4, 'Cr3Si': 1, 'PuNi3': 6, 'Fe3C': 2, 'Mg3Cd': 3, 'TiAl3': 5}",0.9539130921141602
"{'Cu3Au': 4, 'Cr3Si': 1, 'PuNi3': 6, 'Fe3C': 2, 'Mg3Cd': 5, 'TiAl3': 3}",0.9431677903277912
"{'Cu3Au': 4, 'Cr3Si': 1, 'PuNi3': 6, 'Fe3C': 3, 'Mg3Cd': 2, 'TiAl3': 5}",0.9538177554883412
"{'Cu3Au': 4, 'Cr3Si': 1, 'PuNi3': 6, 'Fe3C': 3, 'Mg3Cd': 5, 'TiAl3': 2}",0.9082912605515809
"{'Cu3Au': 4, 'Cr3Si': 1, 'PuNi3': 6, 'Fe3C': 5, 'Mg3Cd': 2, 'TiAl3': 3}",0.9309808510126641
"{'Cu3Au': 4, 'Cr3Si': 1, 'PuNi3': 6, 'Fe3C': 5, 'Mg3Cd': 3, 'TiAl3': 2}",0.9132267707730898
"{'Cu3Au': 4, 'Cr3Si': 2, 'PuNi3': 1, 'Fe3C': 3, 'Mg3Cd': 5, 'TiAl3': 6}",0.9607440342567339
"{'Cu3Au': 4, 'Cr3Si': 2, 'PuNi3': 1, 'Fe3C': 3, 'Mg3Cd': 6, 'TiAl3': 5}",0.9440866237490603
"{'Cu3Au': 4, 'Cr3Si': 2, 'PuNi3': 1, 'Fe3C': 5, 'Mg3Cd': 3, 'TiAl3': 6}",0.9806869938025482
"{'Cu3Au': 4, 'Cr3Si': 2, 'PuNi3': 1, 'Fe3C': 5, 'Mg3Cd': 6, 'TiAl3': 3}",0.9633804787702593
"{'Cu3Au': 4, 'Cr3Si': 2, 'PuNi3': 1, 'Fe3C': 6, 'Mg3Cd': 3, 'TiAl3': 5}",0.9906074296385098
"{'Cu3Au': 4, 'Cr3Si': 2, 'PuNi3': 1, 'Fe3C': 6, 'Mg3Cd': 5, 'TiAl3': 3}",0.955141029905529
"{'Cu3Au': 4, 'Cr3Si': 2, 'PuNi3': 3, 'Fe3C': 1, 'Mg3Cd': 5, 'TiAl3': 6}",0.9505476317314612
"{'Cu3Au': 4, 'Cr3Si': 2, 'PuNi3': 3, 'Fe3C': 1, 'Mg3Cd': 6, 'TiAl3': 5}",0.9445278727564346
"{'Cu3Au': 4, 'Cr3Si': 2, 'PuNi3': 3, 'Fe3C': 5, 'Mg3Cd': 1, 'TiAl3': 6}",0.9534767758589825
"{'Cu3Au': 4, 'Cr3Si': 2, 'PuNi3': 3, 'Fe3C': 5, 'Mg3Cd': 6, 'TiAl3': 1}",0.9442588987899926
"{'Cu3Au': 4, 'Cr3Si': 2, 'PuNi3': 3, 'Fe3C': 6, 'Mg3Cd': 1, 'TiAl3': 5}",0.9581217306341298
"{'Cu3Au': 4, 'Cr3Si': 2, 'PuNi3': 3, 'Fe3C': 6, 'Mg3Cd': 5, 'TiAl3': 1}",0.9427848619074167
"{'Cu3Au': 4, 'Cr3Si': 2, 'PuNi3': 5, 'Fe3C': 1, 'Mg3Cd': 3, 'TiAl3': 6}",0.9643900055568985
"{'Cu3Au': 4, 'Cr3Si': 2, 'PuNi3': 5, 'Fe3C': 1, 'Mg3Cd': 6, 'TiAl3': 3}",0.96019619207217
"{'Cu3Au': 4, 'Cr3Si': 2, 'PuNi3': 5, 'Fe3C': 3, 'Mg3Cd': 1, 'TiAl3': 6}",0.9471956880655018
"{'Cu3Au': 4, 'Cr3Si': 2, 'PuNi3': 5, 'Fe3C': 3, 'Mg3Cd': 6, 'TiAl3': 1}",0.939768846047604
"{'Cu3Au': 4, 'Cr3Si': 2, 'PuNi3': 5, 'Fe3C': 6, 'Mg3Cd': 1, 'TiAl3': 3}",0.9425421106457254
"{'Cu3Au': 4, 'Cr3Si': 2, 'PuNi3': 5, 'Fe3C': 6, 'Mg3Cd': 3, 'TiAl3': 1}",0.9227096653268885
"{'Cu3Au': 4, 'Cr3Si': 2, 'PuNi3': 6, 'Fe3C': 1, 'Mg3Cd': 3, 'TiAl3': 5}",0.9698755214804416
"{'Cu3Au': 4, 'Cr3Si': 2, 'PuNi3': 6, 'Fe3C': 1, 'Mg3Cd': 5, 'TiAl3': 3}",0.979320473363524
"{'Cu3Au': 4, 'Cr3Si': 2, 'PuNi3': 6, 'Fe3C': 3, 'Mg3Cd': 1, 'TiAl3': 5}",0.9482208510259152
"{'Cu3Au': 4, 'Cr3Si': 2, 'PuNi3': 6, 'Fe3C': 3, 'Mg3Cd': 5, 'TiAl3': 1}",0.9435868883483667
"{'Cu3Au': 4, 'Cr3Si': 2, 'PuNi3': 6, 'Fe3C': 5, 'Mg3Cd': 1, 'TiAl3': 3}",0.9408342589708881
"{'Cu3Au': 4, 'Cr3Si': 2, 'PuNi3': 6, 'Fe3C': 5, 'Mg3Cd': 3, 'TiAl3': 1}",0.9315556566537069
"{'Cu3Au': 4, 'Cr3Si': 3, 'PuNi3': 1, 'Fe3C': 2, 'Mg3Cd': 5, 'TiAl3': 6}",0.9544920050362465
"{'Cu3Au': 4, 'Cr3Si': 3, 'PuNi3': 1, 'Fe3C': 2, 'Mg3Cd': 6, 'TiAl3': 5}",0.945109730330075
"{'Cu3Au': 4, 'Cr3Si': 3, 'PuNi3': 1, 'Fe3C': 5, 'Mg3Cd': 2, 'TiAl3': 6}",0.9841058680384377
"{'Cu3Au': 4, 'Cr3Si': 3, 'PuNi3': 1, 'Fe3C': 5, 'Mg3Cd': 6, 'TiAl3': 2}",0.9628997437245445
"{'Cu3Au': 4, 'Cr3Si': 3, 'PuNi3': 1, 'Fe3C': 6, 'Mg3Cd': 2, 'TiAl3': 5}",0.9828326031184839
"{'Cu3Au': 4, 'Cr3Si': 3, 'PuNi3': 1, 'Fe3C': 6, 'Mg3Cd': 5, 'TiAl3': 2}",0.9589684006527043
"{'Cu3Au': 4, 'Cr3Si': 3, 'PuNi3': 2, 'Fe3C': 1, 'Mg3Cd': 5, 'TiAl3': 6}",0.946644005993165
"{'Cu3Au': 4, 'Cr3Si': 3, 'PuNi3': 2, 'Fe3C': 1, 'Mg3Cd': 6, 'TiAl3': 5}",0.9449185935515333
"{'Cu3Au': 4, 'Cr3Si': 3, 'PuNi3': 2, 'Fe3C': 5, 'Mg3Cd': 1, 'TiAl3': 6}",0.9596591583200439
"{'Cu3Au': 4, 'Cr3Si': 3, 'PuNi3': 2, 'Fe3C': 5, 'Mg3Cd': 6, 'TiAl3': 1}",0.9658769920887051
"{'Cu3Au': 4, 'Cr3Si': 3, 'PuNi3': 2, 'Fe3C': 6, 'Mg3Cd': 1, 'TiAl3': 5}",0.9712295385713222
"{'Cu3Au': 4, 'Cr3Si': 3, 'PuNi3': 2, 'Fe3C': 6, 'Mg3Cd': 5, 'TiAl3': 1}",0.9548692087401247
"{'Cu3Au': 4, 'Cr3Si': 3, 'PuNi3': 5, 'Fe3C': 1, 'Mg3Cd': 2, 'TiAl3': 6}",0.9656117656562655
"{'Cu3Au': 4, 'Cr3Si': 3, 'PuNi3': 5, 'Fe3C': 1, 'Mg3Cd': 6, 'TiAl3': 2}",0.9745852576779922
"{'Cu3Au': 4, 'Cr3Si': 3, 'PuNi3': 5, 'Fe3C': 2, 'Mg3Cd': 1, 'TiAl3': 6}",0.951606109743626
"{'Cu3Au': 4, 'Cr3Si': 3, 'PuNi3': 5, 'Fe3C': 2, 'Mg3Cd': 6, 'TiAl3': 1}",0.9386440656526887
"{'Cu3Au': 4, 'Cr3Si': 3, 'PuNi3': 5, 'Fe3C': 6, 'Mg3Cd': 1, 'TiAl3': 2}",0.934852539816334
"{'Cu3Au': 4, 'Cr3Si': 3, 'PuNi3': 5, 'Fe3C': 6, 'Mg3Cd': 2, 'TiAl3': 1}",0.9266188586602137
"{'Cu3Au': 4, 'Cr3Si': 3, 'PuNi3': 6, 'Fe3C': 1, 'Mg3Cd': 2, 'TiAl3': 5}",0.9672485379136658
"{'Cu3Au': 4, 'Cr3Si': 3, 'PuNi3': 6, 'Fe3C': 1, 'Mg3Cd': 5, 'TiAl3': 2}",0.9824146231930065
"{'Cu3Au': 4, 'Cr3Si': 3, 'PuNi3': 6, 'Fe3C': 2, 'Mg3Cd': 1, 'TiAl3': 5}",0.9502793232601694
"{'Cu3Au': 4, 'Cr3Si': 3, 'PuNi3': 6, 'Fe3C': 2, 'Mg3Cd': 5, 'TiAl3': 1}",0.9573224447286477
"{'Cu3Au': 4, 'Cr3Si': 3, 'PuNi3': 6, 'Fe3C': 5, 'Mg3Cd': 1, 'TiAl3': 2}",0.9272752437221253
"{'Cu3Au': 4, 'Cr3Si': 3, 'PuNi3': 6, 'Fe3C': 5, 'Mg3Cd': 2, 'TiAl3': 1}",0.9344088375791163
"{'Cu3Au': 4, 'Cr3Si': 5, 'PuNi3': 1, 'Fe3C': 2, 'Mg3Cd': 3, 'TiAl3': 6}",0.9554353519427262
"{'Cu3Au': 4, 'Cr3Si': 5, 'PuNi3': 1, 'Fe3C': 2, 'Mg3Cd': 6, 'TiAl3': 3}",0.9694359827553279
"{'Cu3Au': 4, 'Cr3Si': 5, 'PuNi3': 1, 'Fe3C': 3, 'Mg3Cd': 2, 'TiAl3': 6}",0.9433405289098094
"{'Cu3Au': 4, 'Cr3Si': 5, 'PuNi3': 1, 'Fe3C': 3, 'Mg3Cd': 6, 'TiAl3': 2}",0.9631559306028955
"{'Cu3Au': 4, 'Cr3Si': 5, 'PuNi3': 1, 'Fe3C': 6, 'Mg3Cd': 2, 'TiAl3': 3}",0.9540552677388227
"{'Cu3Au': 4, 'Cr3Si': 5, 'PuNi3': 1, 'Fe3C': 6, 'Mg3Cd': 3, 'TiAl3': 2}",0.9608110311857997
"{'Cu3Au': 4, 'Cr3Si': 5, 'PuNi3': 2, 'Fe3C': 1, 'Mg3Cd': 3, 'TiAl3': 6}",0.9560905951258171
"{'Cu3Au': 4, 'Cr3Si': 5, 'PuNi3': 2, 'Fe3C': 1, 'Mg3Cd': 6, 'TiAl3': 3}",0.9635379566522698
"{'Cu3Au': 4, 'Cr3Si': 5, 'PuNi3': 2, 'Fe3C': 3, 'Mg3Cd': 1, 'TiAl3': 6}",0.9431166253828299
"{'Cu3Au': 4, 'Cr3Si': 5, 'PuNi3': 2, 'Fe3C': 3, 'Mg3Cd': 6, 'TiAl3': 1}",0.9591719223082702
"{'Cu3Au': 4, 'Cr3Si': 5, 'PuNi3': 2, 'Fe3C': 6, 'Mg3Cd': 1, 'TiAl3': 3}",0.9500006043851775
"{'Cu3Au': 4, 'Cr3Si': 5, 'PuNi3': 2, 'Fe3C': 6, 'Mg3Cd': 3, 'TiAl3': 1}",0.9580669221129018
"{'Cu3Au': 4, 'Cr3Si': 5, 'PuNi3': 3, 'Fe3C': 1, 'Mg3Cd': 2, 'TiAl3': 6}",0.9453210362851033
"{'Cu3Au': 4, 'Cr3Si': 5, 'PuNi3': 3, 'Fe3C': 1, 'Mg3Cd': 6, 'TiAl3': 2}",0.972292493019657
"{'Cu3Au': 4, 'Cr3Si': 5, 'PuNi3': 3, 'Fe3C': 2, 'Mg3Cd': 1, 'TiAl3': 6}",0.953601879608439
"{'Cu3Au': 4, 'Cr3Si': 5, 'PuNi3': 3, 'Fe3C': 2, 'Mg3Cd': 6, 'TiAl3': 1}",0.9659343630107174
"{'Cu3Au': 4, 'Cr3Si': 5, 'PuNi3': 3, 'Fe3C': 6, 'Mg3Cd': 1, 'TiAl3': 2}",0.9401522528786558
"{'Cu3Au': 4, 'Cr3Si': 5, 'PuNi3': 3, 'Fe3C': 6, 'Mg3Cd': 2, 'TiAl3': 1}",0.937042201512893
"{'Cu3Au': 4, 'Cr3Si': 5, 'PuNi3': 6, 'Fe3C': 1, 'Mg3Cd': 2, 'TiAl3': 3}",0.9617321569473809
"{'Cu3Au': 4, 'Cr3Si': 5, 'PuNi3': 6, 'Fe3C': 1, 'Mg3Cd': 3, 'TiAl3': 2}",0.9851128230079417
"{'Cu3Au': 4, 'Cr3Si': 5, 'PuNi3': 6, 'Fe3C': 2, 'Mg3Cd': 1, 'TiAl3': 3}",0.9682125930013027
"{'Cu3Au': 4, 'Cr3Si': 5, 'PuNi3': 6, 'Fe3C': 2, 'Mg3Cd': 3, 'TiAl3': 1}",0.9649384036694709
"{'Cu3Au': 4, 'Cr3Si': 5, 'PuNi3': 6, 'Fe3C': 3, 'Mg3Cd': 1, 'TiAl3': 2}",0.9459367389329602
"{'Cu3Au': 4, 'Cr3Si': 5, 'PuNi3': 6, 'Fe3C': 3, 'Mg3Cd': 2, 'TiAl3': 1}",0.9532289690949692
"{'Cu3Au': 4, 'Cr3Si': 6, 'PuNi3': 1, 'Fe3C': 2, 'Mg3Cd': 3, 'TiAl3': 5}",0.9426674176614429
"{'Cu3Au': 4, 'Cr3Si': 6, 'PuNi3': 1, 'Fe3C': 2, 'Mg3Cd': 5, 'TiAl3': 3}",0.9824523047308406
"{'Cu3Au': 4, 'Cr3Si': 6, 'PuNi3': 1, 'Fe3C': 3, 'Mg3Cd': 2, 'TiAl3': 5}",0.9295931537951888
"{'Cu3Au': 4, 'Cr3Si': 6, 'PuNi3': 1, 'Fe3C': 3, 'Mg3Cd': 5, 'TiAl3': 2}",0.9747632403228756
"{'Cu3Au': 4, 'Cr3Si': 6, 'PuNi3': 1, 'Fe3C': 5, 'Mg3Cd': 2, 'TiAl3': 3}",0.9568766049089187
"{'Cu3Au': 4, 'Cr3Si': 6, 'PuNi3': 1, 'Fe3C': 5, 'Mg3Cd': 3, 'TiAl3': 2}",0.9521208661513861
"{'Cu3Au': 4, 'Cr3Si': 6, 'PuNi3': 2, 'Fe3C': 1, 'Mg3Cd': 3, 'TiAl3': 5}",0.9434614142066954
"{'Cu3Au': 4, 'Cr3Si': 6, 'PuNi3': 2, 'Fe3C': 1, 'Mg3Cd': 5, 'TiAl3': 3}",0.97411835086015
"{'Cu3Au': 4, 'Cr3Si': 6, 'PuNi3': 2, 'Fe3C': 3, 'Mg3Cd': 1, 'TiAl3': 5}",0.9319692361847965
"{'Cu3Au': 4, 'Cr3Si': 6, 'PuNi3': 2, 'Fe3C': 3, 'Mg3Cd': 5, 'TiAl3': 1}",0.9677412671003802
"{'Cu3Au': 4, 'Cr3Si': 6, 'PuNi3': 2, 'Fe3C': 5, 'Mg3Cd': 1, 'TiAl3': 3}",0.9464310597374511
"{'Cu3Au': 4, 'Cr3Si': 6, 'PuNi3': 2, 'Fe3C': 5, 'Mg3Cd': 3, 'TiAl3': 1}",0.9595050604624911
"{'Cu3Au': 4, 'Cr3Si': 6, 'PuNi3': 3, 'Fe3C': 1, 'Mg3Cd': 2, 'TiAl3': 5}",0.9272131243800662
"{'Cu3Au': 4, 'Cr3Si': 6, 'PuNi3': 3, 'Fe3C': 1, 'Mg3Cd': 5, 'TiAl3': 2}",0.983404866444476
"{'Cu3Au': 4, 'Cr3Si': 6, 'PuNi3': 3, 'Fe3C': 2, 'Mg3Cd': 1, 'TiAl3': 5}",0.9346642132447385
"{'Cu3Au': 4, 'Cr3Si': 6, 'PuNi3': 3, 'Fe3C': 2, 'Mg3Cd': 5, 'TiAl3': 1}",0.9763575287231486
"{'Cu3Au': 4, 'Cr3Si': 6, 'PuNi3': 3, 'Fe3C': 5, 'Mg3Cd': 1, 'TiAl3': 2}",0.9268609469894349
"{'Cu3Au': 4, 'Cr3Si': 6, 'PuNi3': 3, 'Fe3C': 5, 'Mg3Cd': 2, 'TiAl3': 1}",0.9385307116843605
"{'Cu3Au': 4, 'Cr3Si': 6, 'PuNi3': 5, 'Fe3C': 1, 'Mg3Cd': 2, 'TiAl3': 3}",0.9436790345252719
"{'Cu3Au': 4, 'Cr3Si': 6, 'PuNi3': 5, 'Fe3C': 1, 'Mg3Cd': 3, 'TiAl3': 2}",0.976849790893305
"{'Cu3Au': 4, 'Cr3Si': 6, 'PuNi3': 5, 'Fe3C': 2, 'Mg3Cd': 1, 'TiAl3': 3}",0.9562628090829977
"{'Cu3Au': 4, 'Cr3Si': 6, 'PuNi3': 5, 'Fe3C': 2, 'Mg3Cd': 3, 'TiAl3': 1}",0.9744298824415948
"{'Cu3Au': 4, 'Cr3Si': 6, 'PuNi3': 5, 'Fe3C': 3, 'Mg3Cd': 1, 'TiAl3': 2}",0.9327136546002638
"{'Cu3Au': 4, 'Cr3Si': 6, 'PuNi3': 5, 'Fe3C': 3, 'Mg3Cd': 2, 'TiAl3': 1}",0.9575628502487903
"{'Cu3Au': 5, 'Cr3Si': 1, 'PuNi3': 2, 'Fe3C': 3, 'Mg3Cd': 4, 'TiAl3': 6}",0.9553251564650721
"{'Cu3Au': 5, 'Cr3Si': 1, 'PuNi3': 2, 'Fe3C': 3, 'Mg3Cd': 6, 'TiAl3': 4}",0.9572585616479795
"{'Cu3Au': 5, 'Cr3Si': 1, 'PuNi3': 2, 'Fe3C': 4, 'Mg3Cd': 3, 'TiAl3': 6}",0.9621493757857739
"{'Cu3Au': 5, 'Cr3Si': 1, 'PuNi3': 2, 'Fe3C': 4, 'Mg3Cd': 6, 'TiAl3': 3}",0.922262100447226
"{'Cu3Au': 5, 'Cr3Si': 1, 'PuNi3': 2, 'Fe3C': 6, 'Mg3Cd': 3, 'TiAl3': 4}",0.9110393515106389
"{'Cu3Au': 5, 'Cr3Si': 1, 'PuNi3': 2, 'Fe3C': 6, 'Mg3Cd': 4, 'TiAl3': 3}",0.9409623444589089
"{'Cu3Au': 5, 'Cr3Si': 1, 'PuNi3': 3, 'Fe3C': 2, 'Mg3Cd': 4, 'TiAl3': 6}",0.9511635224975196
"{'Cu3Au': 5, 'Cr3Si': 1, 'PuNi3': 3, 'Fe3C': 2, 'Mg3Cd': 6, 'TiAl3': 4}",0.9470209461235509
"{'Cu3Au': 5, 'Cr3Si': 1, 'PuNi3': 3, 'Fe3C': 4, 'Mg3Cd': 2, 'TiAl3': 6}",0.954846704361349
"{'Cu3Au': 5, 'Cr3Si': 1, 'PuNi3': 3, 'Fe3C': 4, 'Mg3Cd': 6, 'TiAl3': 2}",0.9231204993722546
"{'Cu3Au': 5, 'Cr3Si': 1, 'PuNi3': 3, 'Fe3C': 6, 'Mg3Cd': 2, 'TiAl3': 4}",0.9235922376021226
"{'Cu3Au': 5, 'Cr3Si': 1, 'PuNi3': 3, 'Fe3C': 6, 'Mg3Cd': 4, 'TiAl3': 2}",0.8914761502834159
"{'Cu3Au': 5, 'Cr3Si': 1, 'PuNi3': 4, 'Fe3C': 2, 'Mg3Cd': 3, 'TiAl3': 6}",0.95128316222068
"{'Cu3Au': 5, 'Cr3Si': 1, 'PuNi3': 4, 'Fe3C': 2, 'Mg3Cd': 6, 'TiAl3': 3}",0.9330456777332362
"{'Cu3Au': 5, 'Cr3Si': 1, 'PuNi3': 4, 'Fe3C': 3, 'Mg3Cd': 2, 'TiAl3': 6}",0.9507553030739592
"{'Cu3Au': 5, 'Cr3Si': 1, 'PuNi3': 4, 'Fe3C': 3, 'Mg3Cd': 6, 'TiAl3': 2}",0.9142982871344848
"{'Cu3Au': 5, 'Cr3Si': 1, 'PuNi3': 4, 'Fe3C': 6, 'Mg3Cd': 2, 'TiAl3': 3}",0.9029190445602536
"{'Cu3Au': 5, 'Cr3Si': 1, 'PuNi3': 4, 'Fe3C': 6, 'Mg3Cd': 3, 'TiAl3': 2}",0.8654309658866485
"{'Cu3Au': 5, 'Cr3Si': 1, 'PuNi3': 6, 'Fe3C': 2, 'Mg3Cd': 3, 'TiAl3': 4}",0.9433054863904361
"{'Cu3Au': 5, 'Cr3Si': 1, 'PuNi3': 6, 'Fe3C': 2, 'Mg3Cd': 4, 'TiAl3': 3}",0.9178773888239498
"{'Cu3Au': 5, 'Cr3Si': 1, 'PuNi3': 6, 'Fe3C': 3, 'Mg3Cd': 2, 'TiAl3': 4}",0.9536046914121837
"{'Cu3Au': 5, 'Cr3Si': 1, 'PuNi3': 6, 'Fe3C': 3, 'Mg3Cd': 4, 'TiAl3': 2}",0.8862939094029304
"{'Cu3Au': 5, 'Cr3Si': 1, 'PuNi3': 6, 'Fe3C': 4, 'Mg3Cd': 2, 'TiAl3': 3}",0.9088572910984066
"{'Cu3Au': 5, 'Cr3Si': 1, 'PuNi3': 6, 'Fe3C': 4, 'Mg3Cd': 3, 'TiAl3': 2}",0.8720483679934978
"{'Cu3Au': 5, 'Cr3Si': 2, 'PuNi3': 1, 'Fe3C': 3, 'Mg3Cd': 4, 'TiAl3': 6}",0.9664966970060925
"{'Cu3Au': 5, 'Cr3Si': 2, 'PuNi3': 1, 'Fe3C': 3, 'Mg3Cd': 6, 'TiAl3': 4}",0.9710570854435452
"{'Cu3Au': 5, 'Cr3Si': 2, 'PuNi3': 1, 'Fe3C': 4, 'Mg3Cd': 3, 'TiAl3': 6}",0.9807277318200649
"{'Cu3Au': 5, 'Cr3Si': 2, 'PuNi3': 1, 'Fe3C': 4, 'Mg3Cd': 6, 'TiAl3': 3}",0.9529758526012465
"{'Cu3Au': 5, 'Cr3Si': 2, 'PuNi3': 1, 'Fe3C': 6, 'Mg3Cd': 3, 'TiAl3': 4}",0.9504461919695171
"{'Cu3Au': 5, 'Cr3Si': 2, 'PuNi3': 1, 'Fe3C': 6, 'Mg3Cd': 4, 'TiAl3': 3}",0.9612626009093383
"{'Cu3Au': 5, 'Cr3Si': 2, 'PuNi3': 3, 'Fe3C': 1, 'Mg3Cd': 4, 'TiAl3': 6}",0.9614844574443163
"{'Cu3Au': 5, 'Cr3Si': 2, 'PuNi3': 3, 'Fe3C': 1, 'Mg3Cd': 6, 'TiAl3': 4}",0.9658149307103504
"{'Cu3Au': 5, 'Cr3Si': 2, 'PuNi3': 3, 'Fe3C': 4, 'Mg3Cd': 1, 'TiAl3': 6}",0.9536487804722587
"{'Cu3Au': 5, 'Cr3Si': 2, 'PuNi3': 3, 'Fe3C': 4, 'Mg3Cd': 6, 'TiAl3': 1}",0.9436638588398337
"{'Cu3Au': 5, 'Cr3Si': 2, 'PuNi3': 3, 'Fe3C': 6, 'Mg3Cd': 1, 'TiAl3': 4}",0.9417254886155938
"{'Cu3Au': 5, 'Cr3Si': 2, 'PuNi3': 3, 'Fe3C': 6, 'Mg3Cd': 4, 'TiAl3': 1}",0.9173491979490898
"{'Cu3Au': 5, 'Cr3Si': 2, 'PuNi3': 4, 'Fe3C': 1, 'Mg3Cd': 3, 'TiAl3': 6}",0.9626162666872005
"{'Cu3Au': 5, 'Cr3Si': 2, 'PuNi3': 4, 'Fe3C': 1, 'Mg3Cd': 6, 'TiAl3': 3}",0.9557632631671642
"{'Cu3Au': 5, 'Cr3Si': 2, 'PuNi3': 4, 'Fe3C': 3, 'Mg3Cd': 1, 'TiAl3': 6}",0.9465201782637257
"{'Cu3Au': 5, 'Cr3Si': 2, 'PuNi3': 4, 'Fe3C': 3, 'Mg3Cd': 6, 'TiAl3': 1}",0.9404095002539213
"{'Cu3Au': 5, 'Cr3Si': 2, 'PuNi3': 4, 'Fe3C': 6, 'Mg3Cd': 1, 'TiAl3': 3}",0.9293493093589547
"{'Cu3Au': 5, 'Cr3Si': 2, 'PuNi3': 4, 'Fe3C': 6, 'Mg3Cd': 3, 'TiAl3': 1}",0.890570618588372
"{'Cu3Au': 5, 'Cr3Si': 2, 'PuNi3': 6, 'Fe3C': 1, 'Mg3Cd': 3, 'TiAl3': 4}",0.9677569139073977
"{'Cu3Au': 5, 'Cr3Si': 2, 'PuNi3': 6, 'Fe3C': 1, 'Mg3Cd': 4, 'TiAl3': 3}",0.9729772248929883
"{'Cu3Au': 5, 'Cr3Si': 2, 'PuNi3': 6, 'Fe3C': 3, 'Mg3Cd': 1, 'TiAl3': 4}",0.9480282881262768
"{'Cu3Au': 5, 'Cr3Si': 2, 'PuNi3': 6, 'Fe3C': 3, 'Mg3Cd': 4, 'TiAl3': 1}",0.9160344555822574
"{'Cu3Au': 5, 'Cr3Si': 2, 'PuNi3': 6, 'Fe3C': 4, 'Mg3Cd': 1, 'TiAl3': 3}",0.9238413938123592
"{'Cu3Au': 5, 'Cr3Si': 2, 'PuNi3': 6, 'Fe3C': 4, 'Mg3Cd': 3, 'TiAl3': 1}",0.9032987669151252
"{'Cu3Au': 5, 'Cr3Si': 3, 'PuNi3': 1, 'Fe3C': 2, 'Mg3Cd': 4, 'TiAl3': 6}",0.9719118237535259
"{'Cu3Au': 5, 'Cr3Si': 3, 'PuNi3': 1, 'Fe3C': 2, 'Mg3Cd': 6, 'TiAl3': 4}",0.9738291493591625
"{'Cu3Au': 5, 'Cr3Si': 3, 'PuNi3': 1, 'Fe3C': 4, 'Mg3Cd': 2, 'TiAl3': 6}",0.9780126642557471
"{'Cu3Au': 5, 'Cr3Si': 3, 'PuNi3': 1, 'Fe3C': 4, 'Mg3Cd': 6, 'TiAl3': 2}",0.9672987473618898
"{'Cu3Au': 5, 'Cr3Si': 3, 'PuNi3': 1, 'Fe3C': 6, 'Mg3Cd': 2, 'TiAl3': 4}",0.9514677470283252
"{'Cu3Au': 5, 'Cr3Si': 3, 'PuNi3': 1, 'Fe3C': 6, 'Mg3Cd': 4, 'TiAl3': 2}",0.9597270639469381
"{'Cu3Au': 5, 'Cr3Si': 3, 'PuNi3': 2, 'Fe3C': 1, 'Mg3Cd': 4, 'TiAl3': 6}",0.9660669917833609
"{'Cu3Au': 5, 'Cr3Si': 3, 'PuNi3': 2, 'Fe3C': 1, 'Mg3Cd': 6, 'TiAl3': 4}",0.9716905450199871
"{'Cu3Au': 5, 'Cr3Si': 3, 'PuNi3': 2, 'Fe3C': 4, 'Mg3Cd': 1, 'TiAl3': 6}",0.9500088209366893
"{'Cu3Au': 5, 'Cr3Si': 3, 'PuNi3': 2, 'Fe3C': 4, 'Mg3Cd': 6, 'TiAl3': 1}",0.9647022188162414
"{'Cu3Au': 5, 'Cr3Si': 3, 'PuNi3': 2, 'Fe3C': 6, 'Mg3Cd': 1, 'TiAl3': 4}",0.9411839657558773
"{'Cu3Au': 5, 'Cr3Si': 3, 'PuNi3': 2, 'Fe3C': 6, 'Mg3Cd': 4, 'TiAl3': 1}",0.9434972233264657
"{'Cu3Au': 5, 'Cr3Si': 3, 'PuNi3': 4, 'Fe3C': 1, 'Mg3Cd': 2, 'TiAl3': 6}",0.9680915937861059
"{'Cu3Au': 5, 'Cr3Si': 3, 'PuNi3': 4, 'Fe3C': 1, 'Mg3Cd': 6, 'TiAl3': 2}",0.9632988595388752
"{'Cu3Au': 5, 'Cr3Si': 3, 'PuNi3': 4, 'Fe3C': 2, 'Mg3Cd': 1, 'TiAl3': 6}",0.9419726786789333
"{'Cu3Au': 5, 'Cr3Si': 3, 'PuNi3': 4, 'Fe3C': 2, 'Mg3Cd': 6, 'TiAl3': 1}",0.9417373973479036
"{'Cu3Au': 5, 'Cr3Si': 3, 'PuNi3': 4, 'Fe3C': 6, 'Mg3Cd': 1, 'TiAl3': 2}",0.923765332620539
"{'Cu3Au': 5, 'Cr3Si': 3, 'PuNi3': 4, 'Fe3C': 6, 'Mg3Cd': 2, 'TiAl3': 1}",0.9157825185016727
"{'Cu3Au': 5, 'Cr3Si': 3, 'PuNi3': 6, 'Fe3C': 1, 'Mg3Cd': 2, 'TiAl3': 4}",0.9761800315921114
"{'Cu3Au': 5, 'Cr3Si': 3, 'PuNi3': 6, 'Fe3C': 1, 'Mg3Cd': 4, 'TiAl3': 2}",0.974740307360492
"{'Cu3Au': 5, 'Cr3Si': 3, 'PuNi3': 6, 'Fe3C': 2, 'Mg3Cd': 1, 'TiAl3': 4}",0.9584685148402557
"{'Cu3Au': 5, 'Cr3Si': 3, 'PuNi3': 6, 'Fe3C': 2, 'Mg3Cd': 4, 'TiAl3': 1}",0.9541660216511049
"{'Cu3Au': 5, 'Cr3Si': 3, 'PuNi3': 6, 'Fe3C': 4, 'Mg3Cd': 1, 'TiAl3': 2}",0.9162594954647334
"{'Cu3Au': 5, 'Cr3Si': 3, 'PuNi3': 6, 'Fe3C': 4, 'Mg3Cd': 2, 'TiAl3': 1}",0.9201126717181364
"{'Cu3Au': 5, 'Cr3Si': 4, 'PuNi3': 1, 'Fe3C': 2, 'Mg3Cd': 3, 'TiAl3': 6}",0.9780994687488884
"{'Cu3Au': 5, 'Cr3Si': 4, 'PuNi3': 1, 'Fe3C': 2, 'Mg3Cd': 6, 'TiAl3': 3}",0.9881590386916081
"{'Cu3Au': 5, 'Cr3Si': 4, 'PuNi3': 1, 'Fe3C': 3, 'Mg3Cd': 2, 'TiAl3': 6}",0.9687026856691937
"{'Cu3Au': 5, 'Cr3Si': 4, 'PuNi3': 1, 'Fe3C': 3, 'Mg3Cd': 6, 'TiAl3': 2}",0.9717776710625721
"{'Cu3Au': 5, 'Cr3Si': 4, 'PuNi3': 1, 'Fe3C': 6, 'Mg3Cd': 2, 'TiAl3': 3}",0.9516163517478052
"{'Cu3Au': 5, 'Cr3Si': 4, 'PuNi3': 1, 'Fe3C': 6, 'Mg3Cd': 3, 'TiAl3': 2}",0.9672749578504818
"{'Cu3Au': 5, 'Cr3Si': 4, 'PuNi3': 2, 'Fe3C': 1, 'Mg3Cd': 3, 'TiAl3': 6}",0.9706126775309333
"{'Cu3Au': 5, 'Cr3Si': 4, 'PuNi3': 2, 'Fe3C': 1, 'Mg3Cd': 6, 'TiAl3': 3}",0.9839159747770685
"{'Cu3Au': 5, 'Cr3Si': 4, 'PuNi3': 2, 'Fe3C': 3, 'Mg3Cd': 1, 'TiAl3': 6}",0.9576900346304544
"{'Cu3Au': 5, 'Cr3Si': 4, 'PuNi3': 2, 'Fe3C': 3, 'Mg3Cd': 6, 'TiAl3': 1}",0.9710898320467424
"{'Cu3Au': 5, 'Cr3Si': 4, 'PuNi3': 2, 'Fe3C': 6, 'Mg3Cd': 1, 'TiAl3': 3}",0.9436127751620632
"{'Cu3Au': 5, 'Cr3Si': 4, 'PuNi3': 2, 'Fe3C': 6, 'Mg3Cd': 3, 'TiAl3': 1}",0.9510626912352095
"{'Cu3Au': 5, 'Cr3Si': 4, 'PuNi3': 3, 'Fe3C': 1, 'Mg3Cd': 2, 'TiAl3': 6}",0.9646252983989596
"{'Cu3Au': 5, 'Cr3Si': 4, 'PuNi3': 3, 'Fe3C': 1, 'Mg3Cd': 6, 'TiAl3': 2}",0.9825099735441771
"{'Cu3Au': 5, 'Cr3Si': 4, 'PuNi3': 3, 'Fe3C': 2, 'Mg3Cd': 1, 'TiAl3': 6}",0.952175521145819
"{'Cu3Au': 5, 'Cr3Si': 4, 'PuNi3': 3, 'Fe3C': 2, 'Mg3Cd': 6, 'TiAl3': 1}",0.9658510865177997
"{'Cu3Au': 5, 'Cr3Si': 4, 'PuNi3': 3, 'Fe3C': 6, 'Mg3Cd': 1, 'TiAl3': 2}",0.9342136998599724
"{'Cu3Au': 5, 'Cr3Si': 4, 'PuNi3': 3, 'Fe3C': 6, 'Mg3Cd': 2, 'TiAl3': 1}",0.930224330339594
"{'Cu3Au': 5, 'Cr3Si': 4, 'PuNi3': 6, 'Fe3C': 1, 'Mg3Cd': 2, 'TiAl3': 3}",0.9575039769367878
"{'Cu3Au': 5, 'Cr3Si': 4, 'PuNi3': 6, 'Fe3C': 1, 'Mg3Cd': 3, 'TiAl3': 2}",0.9811738756593814
"{'Cu3Au': 5, 'Cr3Si': 4, 'PuNi3': 6, 'Fe3C': 2, 'Mg3Cd': 1, 'TiAl3': 3}",0.9480498585977203
"{'Cu3Au': 5, 'Cr3Si': 4, 'PuNi3': 6, 'Fe3C': 2, 'Mg3Cd': 3, 'TiAl3': 1}",0.9545460745773041
"{'Cu3Au': 5, 'Cr3Si': 4, 'PuNi3': 6, 'Fe3C': 3, 'Mg3Cd': 1, 'TiAl3': 2}",0.9179058235511439
"{'Cu3Au': 5, 'Cr3Si': 4, 'PuNi3': 6, 'Fe3C': 3, 'Mg3Cd': 2, 'TiAl3': 1}",0.9360357666698677
"{'Cu3Au': 5, 'Cr3Si': 6, 'PuNi3': 1, 'Fe3C': 2, 'Mg3Cd': 3, 'TiAl3': 4}",0.9693507323969944
"{'Cu3Au': 5, 'Cr3Si': 6, 'PuNi3': 1, 'Fe3C': 2, 'Mg3Cd': 4, 'TiAl3': 3}",0.9800137372278871
"{'Cu3Au': 5, 'Cr3Si': 6, 'PuNi3': 1, 'Fe3C': 3, 'Mg3Cd': 2, 'TiAl3': 4}",0.9580514856439746
"{'Cu3Au': 5, 'Cr3Si': 6, 'PuNi3': 1, 'Fe3C': 3, 'Mg3Cd': 4, 'TiAl3': 2}",0.9709292650270681
"{'Cu3Au': 5, 'Cr3Si': 6, 'PuNi3': 1, 'Fe3C': 4, 'Mg3Cd': 2, 'TiAl3': 3}",0.9568289351967211
"{'Cu3Au': 5, 'Cr3Si': 6, 'PuNi3': 1, 'Fe3C': 4, 'Mg3Cd': 3, 'TiAl3': 2}",0.9569852602278456
"{'Cu3Au': 5, 'Cr3Si': 6, 'PuNi3': 2, 'Fe3C': 1, 'Mg3Cd': 3, 'TiAl3': 4}",0.9588650145803371
"{'Cu3Au': 5, 'Cr3Si': 6, 'PuNi3': 2, 'Fe3C': 1, 'Mg3Cd': 4, 'TiAl3': 3}",0.9851308630317946
"{'Cu3Au': 5, 'Cr3Si': 6, 'PuNi3': 2, 'Fe3C': 3, 'Mg3Cd': 1, 'TiAl3': 4}",0.9569592813717164
"{'Cu3Au': 5, 'Cr3Si': 6, 'PuNi3': 2, 'Fe3C': 3, 'Mg3Cd': 4, 'TiAl3': 1}",0.9695739700358287
"{'Cu3Au': 5, 'Cr3Si': 6, 'PuNi3': 2, 'Fe3C': 4, 'Mg3Cd': 1, 'TiAl3': 3}",0.9465165605403619
"{'Cu3Au': 5, 'Cr3Si': 6, 'PuNi3': 2, 'Fe3C': 4, 'Mg3Cd': 3, 'TiAl3': 1}",0.9586964686413914
"{'Cu3Au': 5, 'Cr3Si': 6, 'PuNi3': 3, 'Fe3C': 1, 'Mg3Cd': 2, 'TiAl3': 4}",0.9474205676077555
"{'Cu3Au': 5, 'Cr3Si': 6, 'PuNi3': 3, 'Fe3C': 1, 'Mg3Cd': 4, 'TiAl3': 2}",0.9871732483907335
"{'Cu3Au': 5, 'Cr3Si': 6, 'PuNi3': 3, 'Fe3C': 2, 'Mg3Cd': 1, 'TiAl3': 4}",0.9520307937799514
"{'Cu3Au': 5, 'Cr3Si': 6, 'PuNi3': 3, 'Fe3C': 2, 'Mg3Cd': 4, 'TiAl3': 1}",0.9774922100927629
"{'Cu3Au': 5, 'Cr3Si': 6, 'PuNi3': 3, 'Fe3C': 4, 'Mg3Cd': 1, 'TiAl3': 2}",0.9258590017587505
"{'Cu3Au': 5, 'Cr3Si': 6, 'PuNi3': 3, 'Fe3C': 4, 'Mg3Cd': 2, 'TiAl3': 1}",0.9421018561374158
"{'Cu3Au': 5, 'Cr3Si': 6, 'PuNi3': 4, 'Fe3C': 1, 'Mg3Cd': 2, 'TiAl3': 3}",0.9547051889821908
"{'Cu3Au': 5, 'Cr3Si': 6, 'PuNi3': 4, 'Fe3C': 1, 'Mg3Cd': 3, 'TiAl3': 2}",0.9815639738340721
"{'Cu3Au': 5, 'Cr3Si': 6, 'PuNi3': 4, 'Fe3C': 2, 'Mg3Cd': 1, 'TiAl3': 3}",0.9571869272236788
"{'Cu3Au': 5, 'Cr3Si': 6, 'PuNi3': 4, 'Fe3C': 2, 'Mg3Cd': 3, 'TiAl3': 1}",0.9682974029594288
"{'Cu3Au': 5, 'Cr3Si': 6, 'PuNi3': 4, 'Fe3C': 3, 'Mg3Cd': 1, 'TiAl3': 2}",0.926419564336331
"{'Cu3Au': 5, 'Cr3Si': 6, 'PuNi3': 4, 'Fe3C': 3, 'Mg3Cd': 2, 'TiAl3': 1}",0.9463314018047475
"{'Cu3Au': 6, 'Cr3Si': 1, 'PuNi3': 2, 'Fe3C': 3, 'Mg3Cd': 4, 'TiAl3': 5}",0.9301282196705271
"{'Cu3Au': 6, 'Cr3Si': 1, 'PuNi3': 2, 'Fe3C': 3, 'Mg3Cd': 5, 'TiAl3': 4}",0.9376619856798722
"{'Cu3Au': 6, 'Cr3Si': 1, 'PuNi3': 2, 'Fe3C': 4, 'Mg3Cd': 3, 'TiAl3': 5}",0.9433161141273607
"{'Cu3Au': 6, 'Cr3Si': 1, 'PuNi3': 2, 'Fe3C': 4, 'Mg3Cd': 5, 'TiAl3': 3}",0.9082151463397591
"{'Cu3Au': 6, 'Cr3Si': 1, 'PuNi3': 2, 'Fe3C': 5, 'Mg3Cd': 3, 'TiAl3': 4}",0.8900585983549728
"{'Cu3Au': 6, 'Cr3Si': 1, 'PuNi3': 2, 'Fe3C': 5, 'Mg3Cd': 4, 'TiAl3': 3}",0.9170304392800115
"{'Cu3Au': 6, 'Cr3Si': 1, 'PuNi3': 3, 'Fe3C': 2, 'Mg3Cd': 4, 'TiAl3': 5}",0.9337464223108096
"{'Cu3Au': 6, 'Cr3Si': 1, 'PuNi3': 3, 'Fe3C': 2, 'Mg3Cd': 5, 'TiAl3': 4}",0.9334159060650792
"{'Cu3Au': 6, 'Cr3Si': 1, 'PuNi3': 3, 'Fe3C': 4, 'Mg3Cd': 2, 'TiAl3': 5}",0.9223798223894087
"{'Cu3Au': 6, 'Cr3Si': 1, 'PuNi3': 3, 'Fe3C': 4, 'Mg3Cd': 5, 'TiAl3': 2}",0.8898829774911348
"{'Cu3Au': 6, 'Cr3Si': 1, 'PuNi3': 3, 'Fe3C': 5, 'Mg3Cd': 2, 'TiAl3': 4}",0.8777702201004379
"{'Cu3Au': 6, 'Cr3Si': 1, 'PuNi3': 3, 'Fe3C': 5, 'Mg3Cd': 4, 'TiAl3': 2}",0.8580800363994173
"{'Cu3Au': 6, 'Cr3Si': 1, 'PuNi3': 4, 'Fe3C': 2, 'Mg3Cd': 3, 'TiAl3': 5}",0.9331369243479117
"{'Cu3Au': 6, 'Cr3Si': 1, 'PuNi3': 4, 'Fe3C': 2, 'Mg3Cd': 5, 'TiAl3': 3}",0.902431590468117
"{'Cu3Au': 6, 'Cr3Si': 1, 'PuNi3': 4, 'Fe3C': 3, 'Mg3Cd': 2, 'TiAl3': 5}",0.9219641943452709
"{'Cu3Au': 6, 'Cr3Si': 1, 'PuNi3': 4, 'Fe3C': 3, 'Mg3Cd': 5, 'TiAl3': 2}",0.8804625626966126
"{'Cu3Au': 6, 'Cr3Si': 1, 'PuNi3': 4, 'Fe3C': 5, 'Mg3Cd': 2, 'TiAl3': 3}",0.8474504860889484
"{'Cu3Au': 6, 'Cr3Si': 1, 'PuNi3': 4, 'Fe3C': 5, 'Mg3Cd': 3, 'TiAl3': 2}",0.8075037466024417
"{'Cu3Au': 6, 'Cr3Si': 1, 'PuNi3': 5, 'Fe3C': 2, 'Mg3Cd': 3, 'TiAl3': 4}",0.926228572853025
"{'Cu3Au': 6, 'Cr3Si': 1, 'PuNi3': 5, 'Fe3C': 2, 'Mg3Cd': 4, 'TiAl3': 3}",0.8964691875773926
"{'Cu3Au': 6, 'Cr3Si': 1, 'PuNi3': 5, 'Fe3C': 3, 'Mg3Cd': 2, 'TiAl3': 4}",0.8936699153550728
"{'Cu3Au': 6, 'Cr3Si': 1, 'PuNi3': 5, 'Fe3C': 3, 'Mg3Cd': 4, 'TiAl3': 2}",0.8687297356374014
"{'Cu3Au': 6, 'Cr3Si': 1, 'PuNi3': 5, 'Fe3C': 4, 'Mg3Cd': 2, 'TiAl3': 3}",0.8544259116561389
"{'Cu3Au': 6, 'Cr3Si': 1, 'PuNi3': 5, 'Fe3C': 4, 'Mg3Cd': 3, 'TiAl3': 2}",0.8121288574476756
"{'Cu3Au': 6, 'Cr3Si': 2, 'PuNi3': 1, 'Fe3C': 3, 'Mg3Cd': 4, 'TiAl3': 5}",0.9636505635615183
"{'Cu3Au': 6, 'Cr3Si': 2, 'PuNi3': 1, 'Fe3C': 3, 'Mg3Cd': 5, 'TiAl3': 4}",0.9664909354172703
"{'Cu3Au': 6, 'Cr3Si': 2, 'PuNi3': 1, 'Fe3C': 4, 'Mg3Cd': 3, 'TiAl3': 5}",0.9618432559864165
"{'Cu3Au': 6, 'Cr3Si': 2, 'PuNi3': 1, 'Fe3C': 4, 'Mg3Cd': 5, 'TiAl3': 3}",0.9478215767872299
"{'Cu3Au': 6, 'Cr3Si': 2, 'PuNi3': 1, 'Fe3C': 5, 'Mg3Cd': 3, 'TiAl3': 4}",0.9357302303536518
"{'Cu3Au': 6, 'Cr3Si': 2, 'PuNi3': 1, 'Fe3C': 5, 'Mg3Cd': 4, 'TiAl3': 3}",0.9437304877774922
"{'Cu3Au': 6, 'Cr3Si': 2, 'PuNi3': 3, 'Fe3C': 1, 'Mg3Cd': 4, 'TiAl3': 5}",0.9520274219095279
"{'Cu3Au': 6, 'Cr3Si': 2, 'PuNi3': 3, 'Fe3C': 1, 'Mg3Cd': 5, 'TiAl3': 4}",0.9686105266920434
"{'Cu3Au': 6, 'Cr3Si': 2, 'PuNi3': 3, 'Fe3C': 4, 'Mg3Cd': 1, 'TiAl3': 5}",0.9393035878265783
"{'Cu3Au': 6, 'Cr3Si': 2, 'PuNi3': 3, 'Fe3C': 4, 'Mg3Cd': 5, 'TiAl3': 1}",0.9061642307131742
"{'Cu3Au': 6, 'Cr3Si': 2, 'PuNi3': 3, 'Fe3C': 5, 'Mg3Cd': 1, 'TiAl3': 4}",0.9109659137605464
"{'Cu3Au': 6, 'Cr3Si': 2, 'PuNi3': 3, 'Fe3C': 5, 'Mg3Cd': 4, 'TiAl3': 1}",0.8796515558500809
"{'Cu3Au': 6, 'Cr3Si': 2, 'PuNi3': 4, 'Fe3C': 1, 'Mg3Cd': 3, 'TiAl3': 5}",0.9508154552664707
"{'Cu3Au': 6, 'Cr3Si': 2, 'PuNi3': 4, 'Fe3C': 1, 'Mg3Cd': 5, 'TiAl3': 3}",0.9407207961596145
"{'Cu3Au': 6, 'Cr3Si': 2, 'PuNi3': 4, 'Fe3C': 3, 'Mg3Cd': 1, 'TiAl3': 5}",0.9390014287040876
"{'Cu3Au': 6, 'Cr3Si': 2, 'PuNi3': 4, 'Fe3C': 3, 'Mg3Cd': 5, 'TiAl3': 1}",0.9073197073041911
"{'Cu3Au': 6, 'Cr3Si': 2, 'PuNi3': 4, 'Fe3C': 5, 'Mg3Cd': 1, 'TiAl3': 3}",0.9041729126519806
"{'Cu3Au': 6, 'Cr3Si': 2, 'PuNi3': 4, 'Fe3C': 5, 'Mg3Cd': 3, 'TiAl3': 1}",0.8476353698383536
"{'Cu3Au': 6, 'Cr3Si': 2, 'PuNi3': 5, 'Fe3C': 1, 'Mg3Cd': 3, 'TiAl3': 4}",0.9555721853054027
"{'Cu3Au': 6, 'Cr3Si': 2, 'PuNi3': 5, 'Fe3C': 1, 'Mg3Cd': 4, 'TiAl3': 3}",0.9428510214323705
"{'Cu3Au': 6, 'Cr3Si': 2, 'PuNi3': 5, 'Fe3C': 3, 'Mg3Cd': 1, 'TiAl3': 4}",0.9115523272017177
"{'Cu3Au': 6, 'Cr3Si': 2, 'PuNi3': 5, 'Fe3C': 3, 'Mg3Cd': 4, 'TiAl3': 1}",0.8874495448177174
"{'Cu3Au': 6, 'Cr3Si': 2, 'PuNi3': 5, 'Fe3C': 4, 'Mg3Cd': 1, 'TiAl3': 3}",0.9032460566964969
"{'Cu3Au': 6, 'Cr3Si': 2, 'PuNi3': 5, 'Fe3C': 4, 'Mg3Cd': 3, 'TiAl3': 1}",0.8501764992129915
"{'Cu3Au': 6, 'Cr3Si': 3, 'PuNi3': 1, 'Fe3C': 2, 'Mg3Cd': 4, 'TiAl3': 5}",0.9771661017014054
"{'Cu3Au': 6, 'Cr3Si': 3, 'PuNi3': 1, 'Fe3C': 2, 'Mg3Cd': 5, 'TiAl3': 4}",0.982223120705966
"{'Cu3Au': 6, 'Cr3Si': 3, 'PuNi3': 1, 'Fe3C': 4, 'Mg3Cd': 2, 'TiAl3': 5}",0.9625986798530163
"{'Cu3Au': 6, 'Cr3Si': 3, 'PuNi3': 1, 'Fe3C': 4, 'Mg3Cd': 5, 'TiAl3': 2}",0.9623930334275163
"{'Cu3Au': 6, 'Cr3Si': 3, 'PuNi3': 1, 'Fe3C': 5, 'Mg3Cd': 2, 'TiAl3': 4}",0.938367490621244
"{'Cu3Au': 6, 'Cr3Si': 3, 'PuNi3': 1, 'Fe3C': 5, 'Mg3Cd': 4, 'TiAl3': 2}",0.949536874538209
"{'Cu3Au': 6, 'Cr3Si': 3, 'PuNi3': 2, 'Fe3C': 1, 'Mg3Cd': 4, 'TiAl3': 5}",0.9757129908029084
"{'Cu3Au': 6, 'Cr3Si': 3, 'PuNi3': 2, 'Fe3C': 1, 'Mg3Cd': 5, 'TiAl3': 4}",0.9799252465230683
"{'Cu3Au': 6, 'Cr3Si': 3, 'PuNi3': 2, 'Fe3C': 4, 'Mg3Cd': 1, 'TiAl3': 5}",0.9460920436352588
"{'Cu3Au': 6, 'Cr3Si': 3, 'PuNi3': 2, 'Fe3C': 4, 'Mg3Cd': 5, 'TiAl3': 1}",0.9487985662829378
"{'Cu3Au': 6, 'Cr3Si': 3, 'PuNi3': 2, 'Fe3C': 5, 'Mg3Cd': 1, 'TiAl3': 4}",0.9237327233704634
"{'Cu3Au': 6, 'Cr3Si': 3, 'PuNi3': 2, 'Fe3C': 5, 'Mg3Cd': 4, 'TiAl3': 1}",0.9264487073349227
"{'Cu3Au': 6, 'Cr3Si': 3, 'PuNi3': 4, 'Fe3C': 1, 'Mg3Cd': 2, 'TiAl3': 5}",0.9637764711539883
"{'Cu3Au': 6, 'Cr3Si': 3, 'PuNi3': 4, 'Fe3C': 1, 'Mg3Cd': 5, 'TiAl3': 2}",0.961161673449097
"{'Cu3Au': 6, 'Cr3Si': 3, 'PuNi3': 4, 'Fe3C': 2, 'Mg3Cd': 1, 'TiAl3': 5}",0.9442048106020996
"{'Cu3Au': 6, 'Cr3Si': 3, 'PuNi3': 4, 'Fe3C': 2, 'Mg3Cd': 5, 'TiAl3': 1}",0.9397545533410138
"{'Cu3Au': 6, 'Cr3Si': 3, 'PuNi3': 4, 'Fe3C': 5, 'Mg3Cd': 1, 'TiAl3': 2}",0.8985805955860862
"{'Cu3Au': 6, 'Cr3Si': 3, 'PuNi3': 4, 'Fe3C': 5, 'Mg3Cd': 2, 'TiAl3': 1}",0.9015299533889758
"{'Cu3Au': 6, 'Cr3Si': 3, 'PuNi3': 5, 'Fe3C': 1, 'Mg3Cd': 2, 'TiAl3': 4}",0.9575629801875033
"{'Cu3Au': 6, 'Cr3Si': 3, 'PuNi3': 5, 'Fe3C': 1, 'Mg3Cd': 4, 'TiAl3': 2}",0.966543960663901
"{'Cu3Au': 6, 'Cr3Si': 3, 'PuNi3': 5, 'Fe3C': 2, 'Mg3Cd': 1, 'TiAl3': 4}",0.938813509634215
"{'Cu3Au': 6, 'Cr3Si': 3, 'PuNi3': 5, 'Fe3C': 2, 'Mg3Cd': 4, 'TiAl3': 1}",0.9332788179719366
"{'Cu3Au': 6, 'Cr3Si': 3, 'PuNi3': 5, 'Fe3C': 4, 'Mg3Cd': 1, 'TiAl3': 2}",0.9030533014879376
"{'Cu3Au': 6, 'Cr3Si': 3, 'PuNi3': 5, 'Fe3C': 4, 'Mg3Cd': 2, 'TiAl3': 1}",0.9021070920057102
"{'Cu3Au': 6, 'Cr3Si': 4, 'PuNi3': 1, 'Fe3C': 2, 'Mg3Cd': 3, 'TiAl3': 5}",0.9875186123754686
"{'Cu3Au': 6, 'Cr3Si': 4, 'PuNi3': 1, 'Fe3C': 2, 'Mg3Cd': 5, 'TiAl3': 3}",0.982249879545562
"{'Cu3Au': 6, 'Cr3Si': 4, 'PuNi3': 1, 'Fe3C': 3, 'Mg3Cd': 2, 'TiAl3': 5}",0.9781950631072195
"{'Cu3Au': 6, 'Cr3Si': 4, 'PuNi3': 1, 'Fe3C': 3, 'Mg3Cd': 5, 'TiAl3': 2}",0.9632617734752563
"{'Cu3Au': 6, 'Cr3Si': 4, 'PuNi3': 1, 'Fe3C': 5, 'Mg3Cd': 2, 'TiAl3': 3}",0.940652694268768
"{'Cu3Au': 6, 'Cr3Si': 4, 'PuNi3': 1, 'Fe3C': 5, 'Mg3Cd': 3, 'TiAl3': 2}",0.9572461749625378
"{'Cu3Au': 6, 'Cr3Si': 4, 'PuNi3': 2, 'Fe3C': 1, 'Mg3Cd': 3, 'TiAl3': 5}",0.981375931240131
"{'Cu3Au': 6, 'Cr3Si': 4, 'PuNi3': 2, 'Fe3C': 1, 'Mg3Cd': 5, 'TiAl3': 3}",0.9886453791202747
"{'Cu3Au': 6, 'Cr3Si': 4, 'PuNi3': 2, 'Fe3C': 3, 'Mg3Cd': 1, 'TiAl3': 5}",0.9677975124953361
"{'Cu3Au': 6, 'Cr3Si': 4, 'PuNi3': 2, 'Fe3C': 3, 'Mg3Cd': 5, 'TiAl3': 1}",0.9651755166270015
"{'Cu3Au': 6, 'Cr3Si': 4, 'PuNi3': 2, 'Fe3C': 5, 'Mg3Cd': 1, 'TiAl3': 3}",0.9363674881354686
"{'Cu3Au': 6, 'Cr3Si': 4, 'PuNi3': 2, 'Fe3C': 5, 'Mg3Cd': 3, 'TiAl3': 1}",0.9413707117743989
"{'Cu3Au': 6, 'Cr3Si': 4, 'PuNi3': 3, 'Fe3C': 1, 'Mg3Cd': 2, 'TiAl3': 5}",0.9618827626030985
"{'Cu3Au': 6, 'Cr3Si': 4, 'PuNi3': 3, 'Fe3C': 1, 'Mg3Cd': 5, 'TiAl3': 2}",0.9771405120760317
"{'Cu3Au': 6, 'Cr3Si': 4, 'PuNi3': 3, 'Fe3C': 2, 'Mg3Cd': 1, 'TiAl3': 5}",0.9499025528814302
"{'Cu3Au': 6, 'Cr3Si': 4, 'PuNi3': 3, 'Fe3C': 2, 'Mg3Cd': 5, 'TiAl3': 1}",0.9642941920666622
"{'Cu3Au': 6, 'Cr3Si': 4, 'PuNi3': 3, 'Fe3C': 5, 'Mg3Cd': 1, 'TiAl3': 2}",0.9100543591349616
"{'Cu3Au': 6, 'Cr3Si': 4, 'PuNi3': 3, 'Fe3C': 5, 'Mg3Cd': 2, 'TiAl3': 1}",0.9152418886450616
"{'Cu3Au': 6, 'Cr3Si': 4, 'PuNi3': 5, 'Fe3C': 1, 'Mg3Cd': 2, 'TiAl3': 3}",0.9488453530490005
"{'Cu3Au': 6, 'Cr3Si': 4, 'PuNi3': 5, 'Fe3C': 1, 'Mg3Cd': 3, 'TiAl3': 2}",0.9605818916784575
"{'Cu3Au': 6, 'Cr3Si': 4, 'PuNi3': 5, 'Fe3C': 2, 'Mg3Cd': 1, 'TiAl3': 3}",0.9323927149739758
"{'Cu3Au': 6, 'Cr3Si': 4, 'PuNi3': 5, 'Fe3C': 2, 'Mg3Cd': 3, 'TiAl3': 1}",0.9408805991860434
"{'Cu3Au': 6, 'Cr3Si': 4, 'PuNi3': 5, 'Fe3C': 3, 'Mg3Cd': 1, 'TiAl3': 2}",0.9077830810171333
"{'Cu3Au': 6, 'Cr3Si': 4, 'PuNi3': 5, 'Fe3C': 3, 'Mg3Cd': 2, 'TiAl3': 1}",0.9229571332066326
"{'Cu3Au': 6, 'Cr3Si': 5, 'PuNi3': 1, 'Fe3C': 2, 'Mg3Cd': 3, 'TiAl3': 4}",0.9762010848936201
"{'Cu3Au': 6, 'Cr3Si': 5, 'PuNi3': 1, 'Fe3C': 2, 'Mg3Cd': 4, 'TiAl3': 3}",0.9881417948807001
"{'Cu3Au': 6, 'Cr3Si': 5, 'PuNi3': 1, 'Fe3C': 3, 'Mg3Cd': 2, 'TiAl3': 4}",0.9680624488392858
"{'Cu3Au': 6, 'Cr3Si': 5, 'PuNi3': 1, 'Fe3C': 3, 'Mg3Cd': 4, 'TiAl3': 2}",0.9659633435805569
"{'Cu3Au': 6, 'Cr3Si': 5, 'PuNi3': 1, 'Fe3C': 4, 'Mg3Cd': 2, 'TiAl3': 3}",0.9489781099583458
"{'Cu3Au': 6, 'Cr3Si': 5, 'PuNi3': 1, 'Fe3C': 4, 'Mg3Cd': 3, 'TiAl3': 2}",0.9603079862210394
"{'Cu3Au': 6, 'Cr3Si': 5, 'PuNi3': 2, 'Fe3C': 1, 'Mg3Cd': 3, 'TiAl3': 4}",0.9749283100660847
"{'Cu3Au': 6, 'Cr3Si': 5, 'PuNi3': 2, 'Fe3C': 1, 'Mg3Cd': 4, 'TiAl3': 3}",0.9898980588842629
"{'Cu3Au': 6, 'Cr3Si': 5, 'PuNi3': 2, 'Fe3C': 3, 'Mg3Cd': 1, 'TiAl3': 4}",0.9531956734588333
"{'Cu3Au': 6, 'Cr3Si': 5, 'PuNi3': 2, 'Fe3C': 3, 'Mg3Cd': 4, 'TiAl3': 1}",0.9676759768605311
"{'Cu3Au': 6, 'Cr3Si': 5, 'PuNi3': 2, 'Fe3C': 4, 'Mg3Cd': 1, 'TiAl3': 3}",0.926659377746499
"{'Cu3Au': 6, 'Cr3Si': 5, 'PuNi3': 2, 'Fe3C': 4, 'Mg3Cd': 3, 'TiAl3': 1}",0.947585707849877
"{'Cu3Au': 6, 'Cr3Si': 5, 'PuNi3': 3, 'Fe3C': 1, 'Mg3Cd': 2, 'TiAl3': 4}",0.9670307113478724
"{'Cu3Au': 6, 'Cr3Si': 5, 'PuNi3': 3, 'Fe3C': 1, 'Mg3Cd': 4, 'TiAl3': 2}",0.9745651283873702
"{'Cu3Au': 6, 'Cr3Si': 5, 'PuNi3': 3, 'Fe3C': 2, 'Mg3Cd': 1, 'TiAl3': 4}",0.9536099873460225
"{'Cu3Au': 6, 'Cr3Si': 5, 'PuNi3': 3, 'Fe3C': 2, 'Mg3Cd': 4, 'TiAl3': 1}",0.9615488744538442
"{'Cu3Au': 6, 'Cr3Si': 5, 'PuNi3': 3, 'Fe3C': 4, 'Mg3Cd': 1, 'TiAl3': 2}",0.925629279865897
"{'Cu3Au': 6, 'Cr3Si': 5, 'PuNi3': 3, 'Fe3C': 4, 'Mg3Cd': 2, 'TiAl3': 1}",0.9284670371954138
"{'Cu3Au': 6, 'Cr3Si': 5, 'PuNi3': 4, 'Fe3C': 1, 'Mg3Cd': 2, 'TiAl3': 3}",0.9584503485912315
"{'Cu3Au': 6, 'Cr3Si': 5, 'PuNi3': 4, 'Fe3C': 1, 'Mg3Cd': 3, 'TiAl3': 2}",0.9672611354107906
"{'Cu3Au': 6, 'Cr3Si': 5, 'PuNi3': 4, 'Fe3C': 2, 'Mg3Cd': 1, 'TiAl3': 3}",0.9391954350249706
"{'Cu3Au': 6, 'Cr3Si': 5, 'PuNi3': 4, 'Fe3C': 2, 'Mg3Cd': 3, 'TiAl3': 1}",0.9503237057340398
"{'Cu3Au': 6, 'Cr3Si': 5, 'PuNi3': 4, 'Fe3C': 3, 'Mg3Cd': 1, 'TiAl3': 2}",0.9280469436160802
"{'Cu3Au': 6, 'Cr3Si': 5, 'PuNi3': 4, 'Fe3C': 3, 'Mg3Cd': 2, 'TiAl3': 1}",0.9325876752715693
